id,customer_code,display_name,email,referring_member_id,enrolled_on,status
1,OC-000001,Haven Nettlebed,haven.nettlebed.c1@example.com,1,2025-09-15,active
2,OC-000002,Lane Kestrel,lane.kestrel.c2@example.com,2,2025-06-20,active
3,OC-000003,Harper Quillfeather,harper.quillfeather.c3@example.com,2,2024-10-24,active
4,OC-000004,Xen Ironwood,xen.ironwood.c4@example.com,4,2026-05-01,active
5,OC-000005,Parker Nettlebed,parker.nettlebed.c5@example.com,4,2025-09-02,active
6,OC-000006,Quinn Claymore,quinn.claymore.c6@example.com,9,2024-10-09,active
7,OC-000007,Isle Juneberry,isle.juneberry.c7@example.com,9,2026-06-08,active
8,OC-000008,Haven Dovetail,haven.dovetail.c8@example.com,13,2026-02-05,active
9,OC-000009,Tatum Thornbury,tatum.thornbury.c9@example.com,13,2024-11-08,closed
10,OC-000010,Harper Amberly,harper.amberly.c10@example.com,13,2024-10-11,active
11,OC-000011,Kai Eastbrook,kai.eastbrook.c11@example.com,14,2025-08-14,active
12,OC-000012,Marlow Claymore,marlow.claymore.c12@example.com,16,2026-03-14,active
13,OC-000013,Reese Kestrel,reese.kestrel.c13@example.com,17,2025-06-18,active
14,OC-000014,Kendall Dovetail,kendall.dovetail.c14@example.com,17,2025-05-12,active
15,OC-000015,Ember Ivorydale,ember.ivorydale.c15@example.com,19,2025-02-22,active
16,OC-000016,Avery Yarrow,avery.yarrow.c16@example.com,19,2025-01-27,active
17,OC-000017,Kai Juneberry,kai.juneberry.c17@example.com,29,2025-11-09,active
18,OC-000018,Arden Kingsley,arden.kingsley.c18@example.com,29,2025-11-01,active
19,OC-000019,Juniper Oakhurst,juniper.oakhurst.c19@example.com,30,2024-12-21,active
20,OC-000020,Isle Fairwind,isle.fairwind.c20@example.com,38,2025-07-09,active
21,OC-000021,Dana Cinderhall,dana.cinderhall.c21@example.com,38,2024-12-07,active
22,OC-000022,Kendall Kestrel,kendall.kestrel.c22@example.com,39,2025-03-05,active
23,OC-000023,Isle Lightfoot,isle.lightfoot.c23@example.com,39,2025-04-25,active
24,OC-000024,Quinn Ironwood,quinn.ironwood.c24@example.com,41,2026-03-10,active
25,OC-000025,Reese Violette,reese.violette.c25@example.com,41,2026-03-08,active
26,OC-000026,Parker Birchwood,parker.birchwood.c26@example.com,45,2024-10-03,active
27,OC-000027,Briar Birchwood,briar.birchwood.c27@example.com,45,2024-09-25,active
28,OC-000028,Casey Juneberry,casey.juneberry.c28@example.com,45,2025-06-25,closed
29,OC-000029,Blake Thornbury,blake.thornbury.c29@example.com,50,2026-03-18,active
30,OC-000030,Isle Greenmantle,isle.greenmantle.c30@example.com,50,2024-12-13,closed
31,OC-000031,Ember Lightfoot,ember.lightfoot.c31@example.com,50,2026-02-14,active
32,OC-000032,Tatum Marigold,tatum.marigold.c32@example.com,52,2025-12-09,active
33,OC-000033,Gray Hazelby,gray.hazelby.c33@example.com,53,2024-12-06,active
34,OC-000034,Dana Fairwind,dana.fairwind.c34@example.com,53,2026-03-08,active
35,OC-000035,Reese Juneberry,reese.juneberry.c35@example.com,57,2025-02-28,active
36,OC-000036,Avery Jasperfield,avery.jasperfield.c36@example.com,57,2026-01-29,active
37,OC-000037,Isle Lightfoot,isle.lightfoot.c37@example.com,57,2026-04-30,active
38,OC-000038,Ember Silverbrook,ember.silverbrook.c38@example.com,59,2026-04-07,active
39,OC-000039,Briar Oakhurst,briar.oakhurst.c39@example.com,59,2025-10-31,active
40,OC-000040,North Westerly,north.westerly.c40@example.com,60,2026-05-14,active
41,OC-000041,Yael Rosewood,yael.rosewood.c41@example.com,62,2026-06-19,active
42,OC-000042,Tatum Duskfield,tatum.duskfield.c42@example.com,63,2025-08-09,active
43,OC-000043,Dana Hollowell,dana.hollowell.c43@example.com,63,2025-01-01,active
44,OC-000044,Blake Ashford,blake.ashford.c44@example.com,63,2026-03-19,active
45,OC-000045,Tatum Dovetail,tatum.dovetail.c45@example.com,65,2025-11-14,active
46,OC-000046,Gray Marigold,gray.marigold.c46@example.com,65,2024-12-14,closed
47,OC-000047,Cove Nettlebed,cove.nettlebed.c47@example.com,65,2026-06-26,active
48,OC-000048,Harper Claymore,harper.claymore.c48@example.com,65,2025-08-21,active
49,OC-000049,Dune Bellweather,dune.bellweather.c49@example.com,66,2024-11-30,active
50,OC-000050,Dune Ironwood,dune.ironwood.c50@example.com,68,2026-05-28,active
51,OC-000051,Haven Fairwind,haven.fairwind.c51@example.com,68,2025-12-03,active
52,OC-000052,Isle Pinegrove,isle.pinegrove.c52@example.com,69,2026-04-28,active
53,OC-000053,Ellis Pinegrove,ellis.pinegrove.c53@example.com,70,2026-07-15,active
54,OC-000054,Blake Ashford,blake.ashford.c54@example.com,75,2025-12-13,active
55,OC-000055,Briar Cinderhall,briar.cinderhall.c55@example.com,75,2026-05-14,active
56,OC-000056,Cove Dovetail,cove.dovetail.c56@example.com,77,2026-06-10,active
57,OC-000057,Kai Ironwood,kai.ironwood.c57@example.com,77,2025-04-10,active
58,OC-000058,Kai Duskfield,kai.duskfield.c58@example.com,78,2025-10-05,active
59,OC-000059,Briar Violette,briar.violette.c59@example.com,78,2025-12-10,active
60,OC-000060,Haven Ironwood,haven.ironwood.c60@example.com,82,2026-05-20,active
61,OC-000061,North Goldcrest,north.goldcrest.c61@example.com,85,2025-02-05,active
62,OC-000062,Dune Ashford,dune.ashford.c62@example.com,88,2025-10-28,closed
63,OC-000063,Dana Hazelby,dana.hazelby.c63@example.com,89,2026-04-04,active
64,OC-000064,Zion Bellweather,zion.bellweather.c64@example.com,89,2026-03-17,active
65,OC-000065,Tatum Foxglove,tatum.foxglove.c65@example.com,89,2026-02-04,active
66,OC-000066,Tatum Palewater,tatum.palewater.c66@example.com,90,2025-06-05,active
67,OC-000067,Ember Hollowell,ember.hollowell.c67@example.com,90,2025-01-29,active
68,OC-000068,Sage Bellweather,sage.bellweather.c68@example.com,93,2025-10-09,closed
69,OC-000069,Grove Ashford,grove.ashford.c69@example.com,93,2026-05-10,active
70,OC-000070,Lane Amberly,lane.amberly.c70@example.com,93,2024-11-27,active
71,OC-000071,Briar Greenmantle,briar.greenmantle.c71@example.com,93,2025-01-19,closed
72,OC-000072,Reese Kingsley,reese.kingsley.c72@example.com,95,2025-09-07,active
73,OC-000073,Avery Cinderhall,avery.cinderhall.c73@example.com,98,2026-02-12,active
74,OC-000074,Parker Silverbrook,parker.silverbrook.c74@example.com,98,2024-12-15,active
75,OC-000075,Marlow Yarrow,marlow.yarrow.c75@example.com,98,2024-12-19,active
76,OC-000076,Avery Fairwind,avery.fairwind.c76@example.com,101,2025-02-27,closed
77,OC-000077,Vale Kestrel,vale.kestrel.c77@example.com,103,2026-03-11,active
78,OC-000078,Harper Hollowell,harper.hollowell.c78@example.com,103,2025-04-18,active
79,OC-000079,Meadow Jasperfield,meadow.jasperfield.c79@example.com,107,2026-01-25,active
80,OC-000080,Arden Marigold,arden.marigold.c80@example.com,107,2026-06-25,active
81,OC-000081,Parker Silverbrook,parker.silverbrook.c81@example.com,109,2026-03-08,active
82,OC-000082,Gray Jasperfield,gray.jasperfield.c82@example.com,112,2026-03-05,active
83,OC-000083,Isle Hollowell,isle.hollowell.c83@example.com,113,2026-02-04,active
84,OC-000084,Xen Foxglove,xen.foxglove.c84@example.com,116,2025-06-25,active
85,OC-000085,Frankie Juneberry,frankie.juneberry.c85@example.com,117,2025-01-19,active
86,OC-000086,Reese Dovetail,reese.dovetail.c86@example.com,117,2026-03-14,active
87,OC-000087,North Kingsley,north.kingsley.c87@example.com,124,2026-04-23,active
88,OC-000088,Briar Rosewood,briar.rosewood.c88@example.com,124,2026-07-29,active
89,OC-000089,Xen Cinderhall,xen.cinderhall.c89@example.com,127,2026-03-21,active
90,OC-000090,Indigo Cinderhall,indigo.cinderhall.c90@example.com,132,2024-12-31,closed
91,OC-000091,Marlow Larkspur,marlow.larkspur.c91@example.com,132,2024-12-31,active
92,OC-000092,North Oakhurst,north.oakhurst.c92@example.com,132,2026-02-11,active
93,OC-000093,Casey Quillfeather,casey.quillfeather.c93@example.com,132,2025-05-02,closed
94,OC-000094,Oakley Rosewood,oakley.rosewood.c94@example.com,132,2025-06-29,closed
95,OC-000095,Dune Kestrel,dune.kestrel.c95@example.com,132,2026-05-27,active
96,OC-000096,Quinn Nettlebed,quinn.nettlebed.c96@example.com,132,2026-05-06,active
97,OC-000097,North Hazelby,north.hazelby.c97@example.com,133,2025-01-17,active
98,OC-000098,Frankie Yarrow,frankie.yarrow.c98@example.com,133,2026-06-25,active
99,OC-000099,Avery Yarrow,avery.yarrow.c99@example.com,133,2026-06-04,active
100,OC-000100,Kendall Rosewood,kendall.rosewood.c100@example.com,133,2026-02-08,active
101,OC-000101,Grove Yarrow,grove.yarrow.c101@example.com,134,2025-11-28,active
102,OC-000102,Indigo Oakhurst,indigo.oakhurst.c102@example.com,134,2026-03-14,active
103,OC-000103,Haven Hollowell,haven.hollowell.c103@example.com,134,2025-06-02,active
104,OC-000104,Umber Kestrel,umber.kestrel.c104@example.com,137,2026-04-21,active
105,OC-000105,Briar Nettlebed,briar.nettlebed.c105@example.com,137,2026-06-27,active
106,OC-000106,Dana Foxglove,dana.foxglove.c106@example.com,139,2026-03-29,active
107,OC-000107,Harper Westerly,harper.westerly.c107@example.com,141,2025-06-11,active
108,OC-000108,Parker Claymore,parker.claymore.c108@example.com,141,2025-03-22,active
109,OC-000109,Lane Violette,lane.violette.c109@example.com,146,2026-06-17,active
110,OC-000110,Vale Duskfield,vale.duskfield.c110@example.com,146,2025-08-05,active
111,OC-000111,Noel Goldcrest,noel.goldcrest.c111@example.com,147,2025-07-06,active
112,OC-000112,Parker Dovetail,parker.dovetail.c112@example.com,152,2026-01-07,active
113,OC-000113,Kendall Foxglove,kendall.foxglove.c113@example.com,152,2026-04-30,active
114,OC-000114,Fern Bellweather,fern.bellweather.c114@example.com,152,2025-06-15,active
115,OC-000115,Avery Dovetail,avery.dovetail.c115@example.com,153,2025-01-28,active
116,OC-000116,Cove Palewater,cove.palewater.c116@example.com,153,2026-03-13,active
117,OC-000117,Xen Birchwood,xen.birchwood.c117@example.com,153,2025-04-19,active
118,OC-000118,Arden Ivorydale,arden.ivorydale.c118@example.com,153,2026-03-27,active
119,OC-000119,Yael Dovetail,yael.dovetail.c119@example.com,154,2026-04-10,active
120,OC-000120,Quinn Kingsley,quinn.kingsley.c120@example.com,154,2025-03-21,active
121,OC-000121,Fern Ivorydale,fern.ivorydale.c121@example.com,159,2025-03-07,closed
122,OC-000122,Fern Silverbrook,fern.silverbrook.c122@example.com,161,2025-06-09,active
123,OC-000123,Reese Palewater,reese.palewater.c123@example.com,161,2025-11-03,active
124,OC-000124,Sage Orchardson,sage.orchardson.c124@example.com,163,2026-06-24,active
125,OC-000125,Kai Fairwind,kai.fairwind.c125@example.com,163,2025-01-28,active
126,OC-000126,Frankie Ironwood,frankie.ironwood.c126@example.com,168,2025-09-12,active
127,OC-000127,Meadow Elmsworth,meadow.elmsworth.c127@example.com,168,2026-05-27,active
128,OC-000128,Meadow Rosewood,meadow.rosewood.c128@example.com,169,2025-04-29,active
129,OC-000129,Kai Silverbrook,kai.silverbrook.c129@example.com,169,2026-01-08,active
130,OC-000130,Avery Oakhurst,avery.oakhurst.c130@example.com,169,2025-08-01,active
131,OC-000131,Fern Ashford,fern.ashford.c131@example.com,171,2026-02-20,active
132,OC-000132,Fern Ironwood,fern.ironwood.c132@example.com,171,2025-07-27,active
133,OC-000133,Casey Ashford,casey.ashford.c133@example.com,173,2026-07-21,active
134,OC-000134,Parker Underhill,parker.underhill.c134@example.com,175,2026-06-02,active
135,OC-000135,Quinn Orchardson,quinn.orchardson.c135@example.com,175,2026-07-14,active
136,OC-000136,Noel Hazelby,noel.hazelby.c136@example.com,175,2026-02-04,active
137,OC-000137,Indigo Oakhurst,indigo.oakhurst.c137@example.com,181,2026-07-07,active
138,OC-000138,Umber Cinderhall,umber.cinderhall.c138@example.com,182,2025-07-01,active
139,OC-000139,Tatum Nettlebed,tatum.nettlebed.c139@example.com,182,2026-03-06,active
140,OC-000140,Noel Juneberry,noel.juneberry.c140@example.com,182,2025-03-03,active
141,OC-000141,Wren Eastbrook,wren.eastbrook.c141@example.com,183,2025-12-12,active
142,OC-000142,Umber Ironwood,umber.ironwood.c142@example.com,183,2025-02-26,active
143,OC-000143,Juniper Hollowell,juniper.hollowell.c143@example.com,184,2026-02-17,active
144,OC-000144,Ellis Kingsley,ellis.kingsley.c144@example.com,184,2026-03-17,active
145,OC-000145,Marlow Silverbrook,marlow.silverbrook.c145@example.com,184,2025-03-20,closed
146,OC-000146,Indigo Birchwood,indigo.birchwood.c146@example.com,199,2025-09-10,active
147,OC-000147,Grove Greenmantle,grove.greenmantle.c147@example.com,199,2026-05-22,active
148,OC-000148,Haven Amberly,haven.amberly.c148@example.com,199,2025-12-01,active
149,OC-000149,North Hollowell,north.hollowell.c149@example.com,199,2025-09-16,active
150,OC-000150,Cove Eastbrook,cove.eastbrook.c150@example.com,200,2025-07-13,active
151,OC-000151,Parker Bellweather,parker.bellweather.c151@example.com,200,2025-11-02,active
152,OC-000152,Lane Pinegrove,lane.pinegrove.c152@example.com,201,2026-06-05,active
153,OC-000153,Fern Kestrel,fern.kestrel.c153@example.com,201,2025-07-05,active
154,OC-000154,Gray Ivorydale,gray.ivorydale.c154@example.com,202,2026-03-30,active
155,OC-000155,Dune Underhill,dune.underhill.c155@example.com,204,2025-12-06,active
156,OC-000156,Ember Westerly,ember.westerly.c156@example.com,204,2026-01-16,active
157,OC-000157,Kai Quillfeather,kai.quillfeather.c157@example.com,208,2025-03-30,active
158,OC-000158,Marlow Birchwood,marlow.birchwood.c158@example.com,212,2025-11-28,active
159,OC-000159,Noel Elmsworth,noel.elmsworth.c159@example.com,212,2025-09-19,active
160,OC-000160,Cove Underhill,cove.underhill.c160@example.com,213,2025-08-24,active
161,OC-000161,Zion Foxglove,zion.foxglove.c161@example.com,213,2026-07-22,active
162,OC-000162,Kai Jasperfield,kai.jasperfield.c162@example.com,214,2025-03-23,active
163,OC-000163,Jules Mossbank,jules.mossbank.c163@example.com,214,2025-10-03,active
164,OC-000164,Avery Ironwood,avery.ironwood.c164@example.com,214,2026-02-22,active
165,OC-000165,Xen Nettlebed,xen.nettlebed.c165@example.com,214,2025-03-29,active
166,OC-000166,Indigo Ashford,indigo.ashford.c166@example.com,216,2026-06-09,active
167,OC-000167,Ember Elmsworth,ember.elmsworth.c167@example.com,216,2025-04-04,active
168,OC-000168,Linden Silverbrook,linden.silverbrook.c168@example.com,216,2025-06-18,closed
169,OC-000169,Frankie Dovetail,frankie.dovetail.c169@example.com,218,2025-07-12,active
170,OC-000170,Frankie Cinderhall,frankie.cinderhall.c170@example.com,220,2026-01-26,active
171,OC-000171,Xen Juneberry,xen.juneberry.c171@example.com,221,2025-04-30,active
172,OC-000172,Isle Birchwood,isle.birchwood.c172@example.com,221,2025-09-14,active
173,OC-000173,Dana Underhill,dana.underhill.c173@example.com,222,2026-01-28,active
174,OC-000174,Jules Fairwind,jules.fairwind.c174@example.com,222,2025-08-16,active
175,OC-000175,Sage Ironwood,sage.ironwood.c175@example.com,222,2025-10-10,active
176,OC-000176,Arden Silverbrook,arden.silverbrook.c176@example.com,222,2026-03-01,active
177,OC-000177,Vale Westerly,vale.westerly.c177@example.com,222,2026-01-07,active
178,OC-000178,Vale Palewater,vale.palewater.c178@example.com,227,2026-05-14,active
179,OC-000179,Ellis Ivorydale,ellis.ivorydale.c179@example.com,228,2025-06-23,active
180,OC-000180,Harper Kestrel,harper.kestrel.c180@example.com,228,2026-07-27,active
181,OC-000181,Jules Orchardson,jules.orchardson.c181@example.com,228,2025-09-25,active
182,OC-000182,Casey Oakhurst,casey.oakhurst.c182@example.com,229,2025-05-21,active
183,OC-000183,Sage Claymore,sage.claymore.c183@example.com,229,2025-10-10,active
184,OC-000184,Noel Violette,noel.violette.c184@example.com,231,2026-02-23,active
185,OC-000185,Meadow Hazelby,meadow.hazelby.c185@example.com,231,2025-07-22,active
186,OC-000186,Yael Amberly,yael.amberly.c186@example.com,233,2025-12-09,active
187,OC-000187,Vale Elmsworth,vale.elmsworth.c187@example.com,235,2026-01-02,active
188,OC-000188,Harper Juneberry,harper.juneberry.c188@example.com,235,2025-11-28,active
189,OC-000189,Dana Fairwind,dana.fairwind.c189@example.com,235,2026-04-23,active
190,OC-000190,Ellis Elmsworth,ellis.elmsworth.c190@example.com,237,2025-11-12,active
191,OC-000191,Casey Orchardson,casey.orchardson.c191@example.com,237,2025-11-27,active
192,OC-000192,Reese Fairwind,reese.fairwind.c192@example.com,239,2026-05-10,active
193,OC-000193,Tatum Pinegrove,tatum.pinegrove.c193@example.com,239,2026-06-22,active
194,OC-000194,Harper Kingsley,harper.kingsley.c194@example.com,243,2025-10-04,active
195,OC-000195,Meadow Silverbrook,meadow.silverbrook.c195@example.com,243,2025-10-28,active
196,OC-000196,Frankie Palewater,frankie.palewater.c196@example.com,245,2025-04-24,active
197,OC-000197,Isle Nightingale,isle.nightingale.c197@example.com,249,2025-08-14,active
198,OC-000198,Xen Eastbrook,xen.eastbrook.c198@example.com,250,2025-04-29,active
199,OC-000199,Briar Elmsworth,briar.elmsworth.c199@example.com,250,2025-04-29,active
200,OC-000200,Marlow Silverbrook,marlow.silverbrook.c200@example.com,251,2025-08-11,closed
201,OC-000201,Zion Thornbury,zion.thornbury.c201@example.com,251,2025-12-10,active
202,OC-000202,Ember Oakhurst,ember.oakhurst.c202@example.com,251,2026-01-13,active
203,OC-000203,Harper Dovetail,harper.dovetail.c203@example.com,253,2026-07-03,active
204,OC-000204,Parker Pinegrove,parker.pinegrove.c204@example.com,256,2025-12-01,active
205,OC-000205,Umber Nightingale,umber.nightingale.c205@example.com,256,2025-08-26,active
206,OC-000206,Xen Ironwood,xen.ironwood.c206@example.com,256,2026-05-09,active
207,OC-000207,Meadow Larkspur,meadow.larkspur.c207@example.com,256,2026-04-04,active
208,OC-000208,North Nightingale,north.nightingale.c208@example.com,257,2026-04-27,active
209,OC-000209,Xen Elmsworth,xen.elmsworth.c209@example.com,257,2026-02-03,active
210,OC-000210,Zion Birchwood,zion.birchwood.c210@example.com,269,2026-05-18,active
211,OC-000211,Quinn Ivorydale,quinn.ivorydale.c211@example.com,271,2026-01-04,active
212,OC-000212,Yael Eastbrook,yael.eastbrook.c212@example.com,271,2026-04-10,active
213,OC-000213,Noel Nettlebed,noel.nettlebed.c213@example.com,271,2025-10-06,active
214,OC-000214,Arden Underhill,arden.underhill.c214@example.com,272,2026-02-14,active
215,OC-000215,Sage Yarrow,sage.yarrow.c215@example.com,276,2026-05-02,active
216,OC-000216,Ellis Bellweather,ellis.bellweather.c216@example.com,276,2026-03-28,active
217,OC-000217,Marlow Eastbrook,marlow.eastbrook.c217@example.com,276,2025-08-02,active
218,OC-000218,Wren Hazelby,wren.hazelby.c218@example.com,276,2025-06-25,active
219,OC-000219,Oakley Hollowell,oakley.hollowell.c219@example.com,277,2025-08-15,active
220,OC-000220,Indigo Ironwood,indigo.ironwood.c220@example.com,277,2026-04-12,active
221,OC-000221,Zion Kestrel,zion.kestrel.c221@example.com,278,2025-06-17,active
222,OC-000222,Dune Goldcrest,dune.goldcrest.c222@example.com,278,2025-07-22,active
223,OC-000223,Indigo Larkspur,indigo.larkspur.c223@example.com,280,2025-08-23,active
224,OC-000224,Ember Claymore,ember.claymore.c224@example.com,280,2025-10-10,active
225,OC-000225,Harper Amberly,harper.amberly.c225@example.com,280,2025-11-14,active
226,OC-000226,Arden Greenmantle,arden.greenmantle.c226@example.com,283,2025-11-30,active
227,OC-000227,Sage Juneberry,sage.juneberry.c227@example.com,285,2026-06-11,active
228,OC-000228,Avery Foxglove,avery.foxglove.c228@example.com,286,2026-03-17,active
229,OC-000229,Jules Bellweather,jules.bellweather.c229@example.com,286,2026-02-16,active
230,OC-000230,Wren Kestrel,wren.kestrel.c230@example.com,286,2026-05-15,active
231,OC-000231,Parker Lightfoot,parker.lightfoot.c231@example.com,288,2026-07-04,active
232,OC-000232,Jules Hollowell,jules.hollowell.c232@example.com,291,2025-11-13,active
233,OC-000233,Meadow Palewater,meadow.palewater.c233@example.com,291,2025-10-24,active
234,OC-000234,Lane Yarrow,lane.yarrow.c234@example.com,291,2026-05-01,active
235,OC-000235,Juniper Elmsworth,juniper.elmsworth.c235@example.com,291,2026-03-24,active
236,OC-000236,Dune Cinderhall,dune.cinderhall.c236@example.com,294,2025-11-24,active
237,OC-000237,Sage Quillfeather,sage.quillfeather.c237@example.com,295,2026-04-04,active
238,OC-000238,Kai Nettlebed,kai.nettlebed.c238@example.com,295,2025-11-29,closed
239,OC-000239,Sage Greenmantle,sage.greenmantle.c239@example.com,295,2025-08-10,active
240,OC-000240,Linden Nightingale,linden.nightingale.c240@example.com,295,2026-02-12,active
241,OC-000241,Kai Yarrow,kai.yarrow.c241@example.com,295,2025-12-28,active
242,OC-000242,Fern Bellweather,fern.bellweather.c242@example.com,295,2025-05-31,active
243,OC-000243,Dana Nightingale,dana.nightingale.c243@example.com,295,2025-05-27,closed
244,OC-000244,Umber Kingsley,umber.kingsley.c244@example.com,295,2025-08-03,active
245,OC-000245,Kai Elmsworth,kai.elmsworth.c245@example.com,298,2026-03-01,active
246,OC-000246,Kendall Westerly,kendall.westerly.c246@example.com,300,2025-10-04,closed
247,OC-000247,Casey Hollowell,casey.hollowell.c247@example.com,300,2026-05-09,active
248,OC-000248,Sage Nettlebed,sage.nettlebed.c248@example.com,301,2026-05-12,active
249,OC-000249,Gray Jasperfield,gray.jasperfield.c249@example.com,301,2025-08-18,active
250,OC-000250,Jules Underhill,jules.underhill.c250@example.com,302,2025-10-20,active
251,OC-000251,Tatum Bellweather,tatum.bellweather.c251@example.com,302,2025-12-10,active
252,OC-000252,Isle Fairwind,isle.fairwind.c252@example.com,303,2025-10-16,active
253,OC-000253,Juniper Nightingale,juniper.nightingale.c253@example.com,303,2026-04-16,active
254,OC-000254,Reese Violette,reese.violette.c254@example.com,303,2026-03-10,active
255,OC-000255,Dune Lightfoot,dune.lightfoot.c255@example.com,305,2026-07-17,active
256,OC-000256,Cove Ivorydale,cove.ivorydale.c256@example.com,305,2026-04-12,active
257,OC-000257,Cove Dovetail,cove.dovetail.c257@example.com,305,2026-07-14,active
258,OC-000258,Blake Fairwind,blake.fairwind.c258@example.com,308,2025-09-26,active
259,OC-000259,Xen Fairwind,xen.fairwind.c259@example.com,308,2025-11-26,active
260,OC-000260,Dune Palewater,dune.palewater.c260@example.com,309,2026-07-12,active
261,OC-000261,Sage Kingsley,sage.kingsley.c261@example.com,309,2025-07-18,active
262,OC-000262,Linden Greenmantle,linden.greenmantle.c262@example.com,309,2025-12-21,closed
263,OC-000263,Dana Westerly,dana.westerly.c263@example.com,309,2026-05-25,active
264,OC-000264,Lane Fairwind,lane.fairwind.c264@example.com,313,2026-02-04,active
265,OC-000265,Marlow Ivorydale,marlow.ivorydale.c265@example.com,314,2025-12-14,active
266,OC-000266,Yael Kingsley,yael.kingsley.c266@example.com,314,2026-05-07,active
267,OC-000267,Vale Silverbrook,vale.silverbrook.c267@example.com,319,2026-04-14,active
268,OC-000268,Kendall Lightfoot,kendall.lightfoot.c268@example.com,321,2025-09-04,active
269,OC-000269,Xen Birchwood,xen.birchwood.c269@example.com,322,2026-04-23,active
270,OC-000270,Meadow Kestrel,meadow.kestrel.c270@example.com,323,2026-04-24,active
271,OC-000271,Dune Ironwood,dune.ironwood.c271@example.com,323,2025-09-15,active
272,OC-000272,Ember Goldcrest,ember.goldcrest.c272@example.com,323,2025-12-31,active
273,OC-000273,Harper Westerly,harper.westerly.c273@example.com,327,2025-07-13,active
274,OC-000274,Xen Underhill,xen.underhill.c274@example.com,328,2026-03-14,active
275,OC-000275,Sage Larkspur,sage.larkspur.c275@example.com,329,2026-04-14,active
276,OC-000276,Harper Marigold,harper.marigold.c276@example.com,329,2026-02-16,active
277,OC-000277,Kai Larkspur,kai.larkspur.c277@example.com,331,2025-11-28,active
278,OC-000278,Kendall Cinderhall,kendall.cinderhall.c278@example.com,331,2025-08-05,active
279,OC-000279,Ellis Birchwood,ellis.birchwood.c279@example.com,333,2025-06-30,active
280,OC-000280,Isle Birchwood,isle.birchwood.c280@example.com,333,2025-08-06,active
281,OC-000281,Lane Quillfeather,lane.quillfeather.c281@example.com,336,2025-09-30,active
282,OC-000282,Lane Underhill,lane.underhill.c282@example.com,337,2026-01-17,active
283,OC-000283,Kendall Underhill,kendall.underhill.c283@example.com,337,2025-09-10,active
284,OC-000284,Avery Lightfoot,avery.lightfoot.c284@example.com,340,2025-07-12,closed
285,OC-000285,Grove Fairwind,grove.fairwind.c285@example.com,342,2026-01-22,active
286,OC-000286,Avery Rosewood,avery.rosewood.c286@example.com,342,2025-11-21,active
287,OC-000287,Haven Dovetail,haven.dovetail.c287@example.com,342,2026-03-31,active
288,OC-000288,Parker Pinegrove,parker.pinegrove.c288@example.com,344,2026-05-27,active
289,OC-000289,Sage Hazelby,sage.hazelby.c289@example.com,344,2025-07-27,active
290,OC-000290,Wren Silverbrook,wren.silverbrook.c290@example.com,347,2026-03-09,active
291,OC-000291,Haven Duskfield,haven.duskfield.c291@example.com,354,2026-03-11,active
292,OC-000292,Haven Foxglove,haven.foxglove.c292@example.com,355,2026-01-30,active
293,OC-000293,Xen Juneberry,xen.juneberry.c293@example.com,360,2025-11-25,active
294,OC-000294,Blake Marigold,blake.marigold.c294@example.com,360,2025-07-30,active
295,OC-000295,Zion Larkspur,zion.larkspur.c295@example.com,360,2026-01-24,active
296,OC-000296,Fern Ashford,fern.ashford.c296@example.com,362,2026-02-25,active
297,OC-000297,Indigo Yarrow,indigo.yarrow.c297@example.com,366,2026-05-18,active
298,OC-000298,Casey Rosewood,casey.rosewood.c298@example.com,366,2025-09-10,closed
299,OC-000299,Parker Rosewood,parker.rosewood.c299@example.com,371,2026-05-06,active
300,OC-000300,Indigo Ashford,indigo.ashford.c300@example.com,371,2025-11-28,active
301,OC-000301,North Quillfeather,north.quillfeather.c301@example.com,371,2025-09-25,active
302,OC-000302,Dune Silverbrook,dune.silverbrook.c302@example.com,374,2026-06-09,active
303,OC-000303,Reese Ivorydale,reese.ivorydale.c303@example.com,374,2026-02-21,active
304,OC-000304,Ember Larkspur,ember.larkspur.c304@example.com,375,2026-01-04,active
305,OC-000305,Oakley Kingsley,oakley.kingsley.c305@example.com,375,2025-10-18,active
306,OC-000306,Ellis Pinegrove,ellis.pinegrove.c306@example.com,375,2026-01-01,active
307,OC-000307,Frankie Westerly,frankie.westerly.c307@example.com,375,2026-04-11,active
308,OC-000308,Umber Eastbrook,umber.eastbrook.c308@example.com,375,2025-11-10,active
309,OC-000309,Umber Eastbrook,umber.eastbrook.c309@example.com,375,2025-10-07,active
310,OC-000310,Lane Violette,lane.violette.c310@example.com,375,2026-07-27,active
311,OC-000311,Haven Rosewood,haven.rosewood.c311@example.com,375,2025-09-28,active
312,OC-000312,Harper Ashford,harper.ashford.c312@example.com,377,2026-01-30,active
313,OC-000313,Ellis Oakhurst,ellis.oakhurst.c313@example.com,377,2026-03-24,active
314,OC-000314,Quinn Oakhurst,quinn.oakhurst.c314@example.com,382,2025-09-03,active
315,OC-000315,Isle Yarrow,isle.yarrow.c315@example.com,383,2026-01-01,active
316,OC-000316,Oakley Greenmantle,oakley.greenmantle.c316@example.com,383,2026-05-09,active
317,OC-000317,North Thornbury,north.thornbury.c317@example.com,383,2026-02-21,active
318,OC-000318,Indigo Fairwind,indigo.fairwind.c318@example.com,383,2026-06-18,active
319,OC-000319,Noel Amberly,noel.amberly.c319@example.com,383,2025-10-17,active
320,OC-000320,Avery Underhill,avery.underhill.c320@example.com,383,2026-07-10,active
321,OC-000321,North Orchardson,north.orchardson.c321@example.com,391,2026-02-04,active
322,OC-000322,Kendall Orchardson,kendall.orchardson.c322@example.com,393,2026-04-03,active
323,OC-000323,Gray Ironwood,gray.ironwood.c323@example.com,395,2026-03-09,active
324,OC-000324,Indigo Foxglove,indigo.foxglove.c324@example.com,395,2025-11-04,active
325,OC-000325,Gray Birchwood,gray.birchwood.c325@example.com,397,2026-02-14,active
326,OC-000326,Meadow Ironwood,meadow.ironwood.c326@example.com,398,2025-09-12,active
327,OC-000327,Harper Goldcrest,harper.goldcrest.c327@example.com,399,2025-09-18,active
328,OC-000328,Avery Birchwood,avery.birchwood.c328@example.com,399,2025-12-14,active
329,OC-000329,Arden Ivorydale,arden.ivorydale.c329@example.com,399,2026-05-20,active
330,OC-000330,Oakley Goldcrest,oakley.goldcrest.c330@example.com,399,2026-07-20,active
331,OC-000331,Grove Foxglove,grove.foxglove.c331@example.com,401,2026-04-22,active
332,OC-000332,Lane Marigold,lane.marigold.c332@example.com,401,2025-08-28,active
333,OC-000333,Noel Ivorydale,noel.ivorydale.c333@example.com,401,2026-02-14,active
334,OC-000334,Wren Dovetail,wren.dovetail.c334@example.com,406,2026-03-17,active
335,OC-000335,Casey Kingsley,casey.kingsley.c335@example.com,406,2026-02-27,active
336,OC-000336,Xen Kingsley,xen.kingsley.c336@example.com,409,2026-05-25,active
337,OC-000337,Gray Mossbank,gray.mossbank.c337@example.com,409,2026-05-29,active
338,OC-000338,Blake Foxglove,blake.foxglove.c338@example.com,409,2025-09-05,active
339,OC-000339,Avery Kestrel,avery.kestrel.c339@example.com,409,2026-04-01,active
340,OC-000340,Jules Underhill,jules.underhill.c340@example.com,414,2025-09-27,active
341,OC-000341,Sage Goldcrest,sage.goldcrest.c341@example.com,414,2025-10-14,active
342,OC-000342,Fern Violette,fern.violette.c342@example.com,414,2026-07-07,active
343,OC-000343,Dana Palewater,dana.palewater.c343@example.com,415,2026-02-18,active
344,OC-000344,Lane Lightfoot,lane.lightfoot.c344@example.com,415,2026-05-09,active
345,OC-000345,Gray Pinegrove,gray.pinegrove.c345@example.com,416,2026-06-07,active
346,OC-000346,Frankie Greenmantle,frankie.greenmantle.c346@example.com,416,2025-12-09,active
347,OC-000347,Ellis Fairwind,ellis.fairwind.c347@example.com,421,2025-12-17,active
348,OC-000348,Dune Pinegrove,dune.pinegrove.c348@example.com,421,2026-03-21,active
349,OC-000349,Parker Kingsley,parker.kingsley.c349@example.com,422,2025-09-26,active
350,OC-000350,Lane Ironwood,lane.ironwood.c350@example.com,422,2025-12-16,active
351,OC-000351,Yael Bellweather,yael.bellweather.c351@example.com,423,2026-06-18,active
352,OC-000352,Juniper Lightfoot,juniper.lightfoot.c352@example.com,425,2026-04-01,active
353,OC-000353,Arden Rosewood,arden.rosewood.c353@example.com,425,2026-02-18,active
354,OC-000354,Harper Nightingale,harper.nightingale.c354@example.com,425,2025-12-31,active
355,OC-000355,Briar Duskfield,briar.duskfield.c355@example.com,425,2026-04-04,active
356,OC-000356,Zion Larkspur,zion.larkspur.c356@example.com,425,2025-09-10,active
357,OC-000357,Kendall Amberly,kendall.amberly.c357@example.com,425,2026-02-25,active
358,OC-000358,Fern Lightfoot,fern.lightfoot.c358@example.com,425,2025-11-13,active
359,OC-000359,Blake Greenmantle,blake.greenmantle.c359@example.com,425,2026-06-03,active
360,OC-000360,Lane Kestrel,lane.kestrel.c360@example.com,426,2026-03-01,active
361,OC-000361,Briar Pinegrove,briar.pinegrove.c361@example.com,426,2026-03-15,active
362,OC-000362,Blake Underhill,blake.underhill.c362@example.com,427,2026-07-27,active
363,OC-000363,Kendall Violette,kendall.violette.c363@example.com,433,2025-10-13,active
364,OC-000364,Arden Nightingale,arden.nightingale.c364@example.com,433,2026-02-19,active
365,OC-000365,Fern Quillfeather,fern.quillfeather.c365@example.com,435,2026-07-11,active
366,OC-000366,Frankie Goldcrest,frankie.goldcrest.c366@example.com,435,2025-09-24,active
367,OC-000367,Cove Lightfoot,cove.lightfoot.c367@example.com,435,2025-12-18,active
368,OC-000368,Reese Ivorydale,reese.ivorydale.c368@example.com,435,2026-01-11,active
369,OC-000369,Fern Oakhurst,fern.oakhurst.c369@example.com,436,2026-01-06,active
370,OC-000370,Grove Oakhurst,grove.oakhurst.c370@example.com,436,2026-01-07,active
371,OC-000371,Dana Ashford,dana.ashford.c371@example.com,436,2025-11-15,active
372,OC-000372,Yael Duskfield,yael.duskfield.c372@example.com,436,2025-09-29,active
373,OC-000373,Haven Dovetail,haven.dovetail.c373@example.com,437,2026-07-28,active
374,OC-000374,Blake Rosewood,blake.rosewood.c374@example.com,438,2026-06-11,active
375,OC-000375,Lane Orchardson,lane.orchardson.c375@example.com,440,2026-01-21,closed
376,OC-000376,Linden Ironwood,linden.ironwood.c376@example.com,440,2025-09-25,closed
377,OC-000377,Isle Westerly,isle.westerly.c377@example.com,440,2025-11-26,active
378,OC-000378,Juniper Thornbury,juniper.thornbury.c378@example.com,441,2026-05-29,active
379,OC-000379,Gray Westerly,gray.westerly.c379@example.com,441,2026-04-23,active
380,OC-000380,Kai Silverbrook,kai.silverbrook.c380@example.com,441,2025-12-08,active
381,OC-000381,Kendall Palewater,kendall.palewater.c381@example.com,443,2025-12-18,active
382,OC-000382,Noel Palewater,noel.palewater.c382@example.com,443,2026-07-16,active
383,OC-000383,Ember Jasperfield,ember.jasperfield.c383@example.com,444,2026-01-07,active
384,OC-000384,Sage Violette,sage.violette.c384@example.com,444,2025-12-17,active
385,OC-000385,Fern Bellweather,fern.bellweather.c385@example.com,445,2025-11-21,active
386,OC-000386,Sage Foxglove,sage.foxglove.c386@example.com,445,2026-01-04,active
387,OC-000387,Haven Mossbank,haven.mossbank.c387@example.com,446,2026-05-06,active
388,OC-000388,Dune Nettlebed,dune.nettlebed.c388@example.com,446,2026-07-18,active
389,OC-000389,Harper Oakhurst,harper.oakhurst.c389@example.com,448,2025-11-30,closed
390,OC-000390,Avery Rosewood,avery.rosewood.c390@example.com,448,2025-10-29,active
391,OC-000391,Jules Larkspur,jules.larkspur.c391@example.com,448,2026-02-21,active
392,OC-000392,Avery Greenmantle,avery.greenmantle.c392@example.com,448,2025-11-06,active
393,OC-000393,Gray Palewater,gray.palewater.c393@example.com,448,2025-09-30,active
394,OC-000394,Kendall Nightingale,kendall.nightingale.c394@example.com,448,2025-12-16,active
395,OC-000395,Blake Cinderhall,blake.cinderhall.c395@example.com,448,2025-09-29,active
396,OC-000396,Dana Foxglove,dana.foxglove.c396@example.com,448,2026-07-07,active
397,OC-000397,Fern Underhill,fern.underhill.c397@example.com,449,2025-12-20,active
398,OC-000398,Wren Oakhurst,wren.oakhurst.c398@example.com,449,2026-02-03,active
399,OC-000399,Marlow Nightingale,marlow.nightingale.c399@example.com,449,2025-09-29,active
400,OC-000400,Dune Bellweather,dune.bellweather.c400@example.com,450,2026-03-27,active
401,OC-000401,Zion Underhill,zion.underhill.c401@example.com,451,2026-01-07,active
402,OC-000402,Haven Cinderhall,haven.cinderhall.c402@example.com,451,2026-02-08,active
403,OC-000403,Reese Pinegrove,reese.pinegrove.c403@example.com,451,2026-01-26,active
404,OC-000404,Isle Cinderhall,isle.cinderhall.c404@example.com,452,2026-06-07,active
405,OC-000405,Harper Nettlebed,harper.nettlebed.c405@example.com,453,2026-06-09,active
406,OC-000406,Sage Hollowell,sage.hollowell.c406@example.com,453,2026-04-29,active
407,OC-000407,Meadow Foxglove,meadow.foxglove.c407@example.com,454,2025-09-30,active
408,OC-000408,Grove Yarrow,grove.yarrow.c408@example.com,456,2026-06-12,active
409,OC-000409,Vale Birchwood,vale.birchwood.c409@example.com,456,2025-12-26,active
410,OC-000410,Indigo Lightfoot,indigo.lightfoot.c410@example.com,456,2026-03-29,active
411,OC-000411,Isle Palewater,isle.palewater.c411@example.com,458,2025-10-14,active
412,OC-000412,Tatum Eastbrook,tatum.eastbrook.c412@example.com,458,2026-01-18,active
413,OC-000413,Reese Mossbank,reese.mossbank.c413@example.com,458,2026-04-07,active
414,OC-000414,Kai Palewater,kai.palewater.c414@example.com,463,2026-03-12,closed
415,OC-000415,Haven Foxglove,haven.foxglove.c415@example.com,463,2026-04-25,active
416,OC-000416,Indigo Duskfield,indigo.duskfield.c416@example.com,463,2026-04-01,active
417,OC-000417,Ellis Greenmantle,ellis.greenmantle.c417@example.com,463,2025-12-17,active
418,OC-000418,Haven Goldcrest,haven.goldcrest.c418@example.com,466,2026-05-11,active
419,OC-000419,Kendall Greenmantle,kendall.greenmantle.c419@example.com,466,2026-03-16,active
420,OC-000420,Kendall Hazelby,kendall.hazelby.c420@example.com,466,2026-02-11,active
421,OC-000421,Isle Juneberry,isle.juneberry.c421@example.com,467,2026-05-12,active
422,OC-000422,Gray Oakhurst,gray.oakhurst.c422@example.com,467,2026-04-26,active
423,OC-000423,Avery Hollowell,avery.hollowell.c423@example.com,476,2026-03-21,closed
424,OC-000424,Tatum Jasperfield,tatum.jasperfield.c424@example.com,476,2026-06-01,active
425,OC-000425,Dana Ironwood,dana.ironwood.c425@example.com,477,2026-02-22,active
426,OC-000426,North Elmsworth,north.elmsworth.c426@example.com,480,2026-02-05,active
427,OC-000427,Briar Silverbrook,briar.silverbrook.c427@example.com,480,2026-05-15,active
428,OC-000428,Indigo Hollowell,indigo.hollowell.c428@example.com,481,2026-01-20,active
429,OC-000429,Oakley Juneberry,oakley.juneberry.c429@example.com,481,2025-10-27,active
430,OC-000430,Haven Claymore,haven.claymore.c430@example.com,483,2026-06-11,active
431,OC-000431,Ember Fairwind,ember.fairwind.c431@example.com,484,2026-07-08,active
432,OC-000432,Blake Westerly,blake.westerly.c432@example.com,484,2025-10-31,active
433,OC-000433,Haven Ironwood,haven.ironwood.c433@example.com,484,2026-01-10,active
434,OC-000434,Reese Rosewood,reese.rosewood.c434@example.com,484,2026-07-18,active
435,OC-000435,Harper Larkspur,harper.larkspur.c435@example.com,485,2025-12-03,active
436,OC-000436,Juniper Dovetail,juniper.dovetail.c436@example.com,485,2026-05-30,active
437,OC-000437,Arden Dovetail,arden.dovetail.c437@example.com,489,2025-10-31,active
438,OC-000438,Tatum Foxglove,tatum.foxglove.c438@example.com,489,2026-01-28,active
439,OC-000439,Briar Birchwood,briar.birchwood.c439@example.com,489,2026-06-15,active
440,OC-000440,Parker Marigold,parker.marigold.c440@example.com,489,2026-02-02,active
441,OC-000441,Marlow Mossbank,marlow.mossbank.c441@example.com,490,2026-05-21,active
442,OC-000442,Briar Ivorydale,briar.ivorydale.c442@example.com,490,2026-04-22,active
443,OC-000443,Sage Juneberry,sage.juneberry.c443@example.com,490,2026-01-11,active
444,OC-000444,Wren Mossbank,wren.mossbank.c444@example.com,493,2026-03-20,active
445,OC-000445,Juniper Marigold,juniper.marigold.c445@example.com,494,2025-12-17,active
446,OC-000446,Blake Hollowell,blake.hollowell.c446@example.com,494,2025-11-15,active
447,OC-000447,Wren Mossbank,wren.mossbank.c447@example.com,496,2026-05-26,active
448,OC-000448,Quinn Juneberry,quinn.juneberry.c448@example.com,496,2025-10-31,closed
449,OC-000449,Xen Mossbank,xen.mossbank.c449@example.com,498,2026-02-20,active
450,OC-000450,Yael Hazelby,yael.hazelby.c450@example.com,499,2026-01-02,active
451,OC-000451,Umber Underhill,umber.underhill.c451@example.com,500,2025-12-24,active
452,OC-000452,Marlow Nightingale,marlow.nightingale.c452@example.com,500,2026-04-10,active
453,OC-000453,Ellis Birchwood,ellis.birchwood.c453@example.com,501,2026-05-11,active
454,OC-000454,Dune Kestrel,dune.kestrel.c454@example.com,501,2026-01-25,active
455,OC-000455,Kendall Dovetail,kendall.dovetail.c455@example.com,501,2025-12-16,active
456,OC-000456,Reese Silverbrook,reese.silverbrook.c456@example.com,504,2026-04-29,active
457,OC-000457,Vale Yarrow,vale.yarrow.c457@example.com,504,2025-11-21,active
458,OC-000458,Gray Nightingale,gray.nightingale.c458@example.com,504,2026-04-08,active
459,OC-000459,Oakley Larkspur,oakley.larkspur.c459@example.com,504,2026-07-25,active
460,OC-000460,Umber Amberly,umber.amberly.c460@example.com,504,2026-01-17,active
461,OC-000461,Reese Kingsley,reese.kingsley.c461@example.com,504,2025-11-18,active
462,OC-000462,Ember Ivorydale,ember.ivorydale.c462@example.com,504,2026-02-02,active
463,OC-000463,Oakley Quillfeather,oakley.quillfeather.c463@example.com,505,2025-11-12,active
464,OC-000464,Ember Nettlebed,ember.nettlebed.c464@example.com,508,2026-03-28,active
465,OC-000465,Linden Underhill,linden.underhill.c465@example.com,512,2025-11-17,active
466,OC-000466,Cove Dovetail,cove.dovetail.c466@example.com,516,2026-01-09,active
467,OC-000467,Casey Ashford,casey.ashford.c467@example.com,516,2026-01-29,active
468,OC-000468,Tatum Eastbrook,tatum.eastbrook.c468@example.com,517,2026-02-21,active
469,OC-000469,Ellis Rosewood,ellis.rosewood.c469@example.com,517,2026-06-14,active
470,OC-000470,Yael Birchwood,yael.birchwood.c470@example.com,517,2026-07-22,active
471,OC-000471,Blake Yarrow,blake.yarrow.c471@example.com,517,2026-03-21,active
472,OC-000472,Yael Ironwood,yael.ironwood.c472@example.com,523,2025-11-21,active
473,OC-000473,Sage Nettlebed,sage.nettlebed.c473@example.com,523,2026-05-21,active
474,OC-000474,Reese Nightingale,reese.nightingale.c474@example.com,523,2026-02-04,active
475,OC-000475,Noel Pinegrove,noel.pinegrove.c475@example.com,524,2026-01-06,active
476,OC-000476,Ember Kestrel,ember.kestrel.c476@example.com,524,2026-02-15,active
477,OC-000477,Yael Nettlebed,yael.nettlebed.c477@example.com,524,2026-04-12,active
478,OC-000478,Ellis Cinderhall,ellis.cinderhall.c478@example.com,525,2025-11-28,active
479,OC-000479,Juniper Hollowell,juniper.hollowell.c479@example.com,526,2026-06-19,active
480,OC-000480,Linden Orchardson,linden.orchardson.c480@example.com,528,2026-04-01,active
481,OC-000481,Noel Fairwind,noel.fairwind.c481@example.com,529,2026-03-15,active
482,OC-000482,Ember Duskfield,ember.duskfield.c482@example.com,529,2025-12-11,active
483,OC-000483,Cove Nightingale,cove.nightingale.c483@example.com,529,2026-01-19,closed
484,OC-000484,Blake Palewater,blake.palewater.c484@example.com,529,2026-07-22,active
485,OC-000485,Jules Marigold,jules.marigold.c485@example.com,530,2026-03-15,active
486,OC-000486,Marlow Jasperfield,marlow.jasperfield.c486@example.com,531,2026-06-25,active
487,OC-000487,Sage Marigold,sage.marigold.c487@example.com,531,2026-01-31,active
488,OC-000488,Gray Larkspur,gray.larkspur.c488@example.com,531,2025-11-30,active
489,OC-000489,Parker Claymore,parker.claymore.c489@example.com,540,2026-01-17,active
490,OC-000490,Blake Pinegrove,blake.pinegrove.c490@example.com,540,2026-02-01,closed
491,OC-000491,Dana Larkspur,dana.larkspur.c491@example.com,540,2025-12-09,active
492,OC-000492,Isle Bellweather,isle.bellweather.c492@example.com,540,2026-06-09,active
493,OC-000493,Grove Mossbank,grove.mossbank.c493@example.com,542,2026-04-09,active
494,OC-000494,Ember Westerly,ember.westerly.c494@example.com,542,2026-04-14,active
495,OC-000495,Briar Foxglove,briar.foxglove.c495@example.com,546,2026-06-19,active
496,OC-000496,Indigo Amberly,indigo.amberly.c496@example.com,546,2026-03-15,active
497,OC-000497,Ember Hazelby,ember.hazelby.c497@example.com,556,2026-03-22,active
498,OC-000498,Reese Juneberry,reese.juneberry.c498@example.com,556,2026-02-27,active
499,OC-000499,Oakley Amberly,oakley.amberly.c499@example.com,557,2026-05-28,active
500,OC-000500,Dune Goldcrest,dune.goldcrest.c500@example.com,557,2026-02-09,active
501,OC-000501,Tatum Foxglove,tatum.foxglove.c501@example.com,559,2026-04-22,active
502,OC-000502,Gray Underhill,gray.underhill.c502@example.com,561,2026-07-16,active
503,OC-000503,Dana Bellweather,dana.bellweather.c503@example.com,562,2026-01-05,active
504,OC-000504,Casey Foxglove,casey.foxglove.c504@example.com,563,2026-06-09,active
505,OC-000505,Xen Yarrow,xen.yarrow.c505@example.com,568,2026-01-26,active
506,OC-000506,Harper Thornbury,harper.thornbury.c506@example.com,568,2026-06-21,active
507,OC-000507,Umber Marigold,umber.marigold.c507@example.com,568,2026-04-25,active
508,OC-000508,Casey Goldcrest,casey.goldcrest.c508@example.com,569,2026-03-06,active
509,OC-000509,Wren Oakhurst,wren.oakhurst.c509@example.com,569,2026-04-14,active
510,OC-000510,Harper Foxglove,harper.foxglove.c510@example.com,573,2025-12-26,closed
511,OC-000511,Quinn Palewater,quinn.palewater.c511@example.com,573,2026-03-06,active
512,OC-000512,Tatum Greenmantle,tatum.greenmantle.c512@example.com,573,2025-12-25,active
513,OC-000513,Xen Eastbrook,xen.eastbrook.c513@example.com,575,2026-06-23,active
514,OC-000514,Linden Orchardson,linden.orchardson.c514@example.com,575,2026-06-18,active
515,OC-000515,Yael Ashford,yael.ashford.c515@example.com,575,2026-04-20,active
516,OC-000516,Meadow Foxglove,meadow.foxglove.c516@example.com,576,2026-05-30,active
517,OC-000517,Casey Foxglove,casey.foxglove.c517@example.com,578,2026-02-03,active
518,OC-000518,Blake Nightingale,blake.nightingale.c518@example.com,585,2026-01-03,active
519,OC-000519,Isle Greenmantle,isle.greenmantle.c519@example.com,585,2026-01-18,active
520,OC-000520,Grove Hazelby,grove.hazelby.c520@example.com,588,2026-05-10,active
521,OC-000521,Indigo Ivorydale,indigo.ivorydale.c521@example.com,591,2026-05-11,active
522,OC-000522,Linden Hazelby,linden.hazelby.c522@example.com,591,2026-04-25,active
523,OC-000523,Linden Ivorydale,linden.ivorydale.c523@example.com,595,2026-03-19,active
524,OC-000524,Fern Goldcrest,fern.goldcrest.c524@example.com,595,2026-01-08,active
525,OC-000525,Frankie Greenmantle,frankie.greenmantle.c525@example.com,596,2026-04-16,active
526,OC-000526,Umber Hazelby,umber.hazelby.c526@example.com,596,2026-01-24,active
527,OC-000527,North Marigold,north.marigold.c527@example.com,596,2026-04-10,active
528,OC-000528,Kendall Claymore,kendall.claymore.c528@example.com,599,2026-06-17,active
529,OC-000529,Jules Fairwind,jules.fairwind.c529@example.com,599,2026-05-21,active
530,OC-000530,Indigo Ironwood,indigo.ironwood.c530@example.com,603,2026-01-28,active
531,OC-000531,Dune Elmsworth,dune.elmsworth.c531@example.com,603,2026-02-03,active
532,OC-000532,Juniper Duskfield,juniper.duskfield.c532@example.com,604,2026-01-26,active
533,OC-000533,Avery Larkspur,avery.larkspur.c533@example.com,604,2026-04-05,active
534,OC-000534,Ellis Jasperfield,ellis.jasperfield.c534@example.com,605,2026-04-29,active
535,OC-000535,Xen Silverbrook,xen.silverbrook.c535@example.com,605,2026-01-13,active
536,OC-000536,Umber Quillfeather,umber.quillfeather.c536@example.com,605,2026-06-26,active
537,OC-000537,Oakley Ashford,oakley.ashford.c537@example.com,609,2026-01-21,active
538,OC-000538,Wren Violette,wren.violette.c538@example.com,609,2026-07-05,active
539,OC-000539,Tatum Elmsworth,tatum.elmsworth.c539@example.com,609,2026-01-21,active
540,OC-000540,Dana Duskfield,dana.duskfield.c540@example.com,609,2026-05-09,active
541,OC-000541,Indigo Rosewood,indigo.rosewood.c541@example.com,611,2026-01-13,active
542,OC-000542,Avery Dovetail,avery.dovetail.c542@example.com,611,2026-07-02,active
543,OC-000543,Wren Eastbrook,wren.eastbrook.c543@example.com,616,2026-01-26,active
544,OC-000544,Yael Juneberry,yael.juneberry.c544@example.com,616,2026-06-13,active
545,OC-000545,Xen Greenmantle,xen.greenmantle.c545@example.com,617,2026-06-01,active
546,OC-000546,Dune Yarrow,dune.yarrow.c546@example.com,617,2026-04-02,active
547,OC-000547,Sage Mossbank,sage.mossbank.c547@example.com,619,2026-05-03,active
548,OC-000548,Oakley Bellweather,oakley.bellweather.c548@example.com,619,2026-06-22,active
549,OC-000549,Noel Duskfield,noel.duskfield.c549@example.com,622,2026-03-23,active
550,OC-000550,Blake Dovetail,blake.dovetail.c550@example.com,624,2026-01-20,active
551,OC-000551,Linden Quillfeather,linden.quillfeather.c551@example.com,625,2026-04-24,active
552,OC-000552,Haven Bellweather,haven.bellweather.c552@example.com,625,2026-07-21,active
553,OC-000553,Haven Ivorydale,haven.ivorydale.c553@example.com,626,2026-07-23,active
554,OC-000554,Ellis Jasperfield,ellis.jasperfield.c554@example.com,626,2026-04-15,active
555,OC-000555,Isle Nightingale,isle.nightingale.c555@example.com,626,2026-03-26,active
556,OC-000556,Blake Kingsley,blake.kingsley.c556@example.com,626,2026-07-14,active
557,OC-000557,Cove Larkspur,cove.larkspur.c557@example.com,628,2026-01-28,active
558,OC-000558,Wren Greenmantle,wren.greenmantle.c558@example.com,630,2026-02-13,active
559,OC-000559,Haven Birchwood,haven.birchwood.c559@example.com,631,2026-04-12,active
560,OC-000560,Avery Juneberry,avery.juneberry.c560@example.com,631,2026-03-17,active
561,OC-000561,Blake Cinderhall,blake.cinderhall.c561@example.com,631,2026-05-20,active
562,OC-000562,Parker Lightfoot,parker.lightfoot.c562@example.com,631,2026-05-04,active
563,OC-000563,Tatum Fairwind,tatum.fairwind.c563@example.com,631,2026-03-21,active
564,OC-000564,Sage Lightfoot,sage.lightfoot.c564@example.com,631,2026-05-29,active
565,OC-000565,Briar Underhill,briar.underhill.c565@example.com,631,2026-04-21,active
566,OC-000566,Juniper Yarrow,juniper.yarrow.c566@example.com,637,2026-01-27,active
567,OC-000567,Arden Ivorydale,arden.ivorydale.c567@example.com,637,2026-04-27,active
568,OC-000568,Juniper Thornbury,juniper.thornbury.c568@example.com,637,2026-05-13,active
569,OC-000569,Casey Eastbrook,casey.eastbrook.c569@example.com,638,2026-02-20,active
570,OC-000570,Dune Ironwood,dune.ironwood.c570@example.com,638,2026-05-15,active
571,OC-000571,Tatum Marigold,tatum.marigold.c571@example.com,642,2026-05-30,active
572,OC-000572,Frankie Elmsworth,frankie.elmsworth.c572@example.com,645,2026-05-07,active
573,OC-000573,Avery Amberly,avery.amberly.c573@example.com,645,2026-06-28,active
574,OC-000574,Indigo Dovetail,indigo.dovetail.c574@example.com,646,2026-01-31,active
575,OC-000575,Dune Larkspur,dune.larkspur.c575@example.com,648,2026-03-13,active
576,OC-000576,Harper Quillfeather,harper.quillfeather.c576@example.com,651,2026-02-12,active
577,OC-000577,Cove Foxglove,cove.foxglove.c577@example.com,651,2026-03-16,active
578,OC-000578,Cove Violette,cove.violette.c578@example.com,652,2026-03-15,active
579,OC-000579,Noel Foxglove,noel.foxglove.c579@example.com,657,2026-03-23,active
580,OC-000580,Grove Pinegrove,grove.pinegrove.c580@example.com,657,2026-03-25,active
581,OC-000581,Noel Amberly,noel.amberly.c581@example.com,664,2026-04-11,active
582,OC-000582,Tatum Hazelby,tatum.hazelby.c582@example.com,668,2026-07-10,active
583,OC-000583,Lane Amberly,lane.amberly.c583@example.com,671,2026-04-30,active
584,OC-000584,Parker Rosewood,parker.rosewood.c584@example.com,671,2026-05-15,active
585,OC-000585,Wren Yarrow,wren.yarrow.c585@example.com,672,2026-07-09,active
586,OC-000586,Cove Elmsworth,cove.elmsworth.c586@example.com,673,2026-05-26,active
587,OC-000587,Arden Fairwind,arden.fairwind.c587@example.com,673,2026-02-24,active
588,OC-000588,Frankie Foxglove,frankie.foxglove.c588@example.com,673,2026-07-20,active
589,OC-000589,Umber Greenmantle,umber.greenmantle.c589@example.com,675,2026-07-18,active
590,OC-000590,Kendall Amberly,kendall.amberly.c590@example.com,677,2026-06-17,active
591,OC-000591,Yael Kestrel,yael.kestrel.c591@example.com,677,2026-05-20,active
592,OC-000592,Kai Juneberry,kai.juneberry.c592@example.com,677,2026-05-06,active
593,OC-000593,Reese Westerly,reese.westerly.c593@example.com,677,2026-03-09,active
594,OC-000594,Tatum Duskfield,tatum.duskfield.c594@example.com,680,2026-04-23,active
595,OC-000595,Briar Hazelby,briar.hazelby.c595@example.com,680,2026-07-12,active
596,OC-000596,Blake Violette,blake.violette.c596@example.com,684,2026-07-24,active
597,OC-000597,Dana Foxglove,dana.foxglove.c597@example.com,684,2026-02-18,active
598,OC-000598,Dune Duskfield,dune.duskfield.c598@example.com,685,2026-02-22,active
599,OC-000599,Harper Orchardson,harper.orchardson.c599@example.com,685,2026-06-30,active
600,OC-000600,Zion Jasperfield,zion.jasperfield.c600@example.com,685,2026-05-26,active
601,OC-000601,Isle Ivorydale,isle.ivorydale.c601@example.com,687,2026-05-07,active
602,OC-000602,Yael Thornbury,yael.thornbury.c602@example.com,691,2026-04-16,active
603,OC-000603,Parker Kingsley,parker.kingsley.c603@example.com,692,2026-04-24,active
604,OC-000604,Juniper Nettlebed,juniper.nettlebed.c604@example.com,692,2026-02-24,active
605,OC-000605,Harper Oakhurst,harper.oakhurst.c605@example.com,692,2026-04-05,active
606,OC-000606,Haven Nightingale,haven.nightingale.c606@example.com,692,2026-03-12,active
607,OC-000607,Briar Hazelby,briar.hazelby.c607@example.com,694,2026-03-24,active
608,OC-000608,Dana Birchwood,dana.birchwood.c608@example.com,694,2026-07-19,active
609,OC-000609,Cove Thornbury,cove.thornbury.c609@example.com,694,2026-05-29,active
610,OC-000610,Xen Ironwood,xen.ironwood.c610@example.com,696,2026-02-26,active
611,OC-000611,Casey Fairwind,casey.fairwind.c611@example.com,696,2026-03-08,active
612,OC-000612,Marlow Marigold,marlow.marigold.c612@example.com,696,2026-02-24,active
613,OC-000613,Meadow Nightingale,meadow.nightingale.c613@example.com,697,2026-05-11,active
614,OC-000614,Arden Pinegrove,arden.pinegrove.c614@example.com,698,2026-07-05,active
615,OC-000615,Reese Jasperfield,reese.jasperfield.c615@example.com,698,2026-07-28,active
616,OC-000616,Ellis Ironwood,ellis.ironwood.c616@example.com,699,2026-06-02,active
617,OC-000617,Parker Palewater,parker.palewater.c617@example.com,700,2026-03-09,active
618,OC-000618,Harper Cinderhall,harper.cinderhall.c618@example.com,701,2026-02-28,active
619,OC-000619,Tatum Elmsworth,tatum.elmsworth.c619@example.com,701,2026-04-12,active
620,OC-000620,Dune Kingsley,dune.kingsley.c620@example.com,706,2026-07-24,active
621,OC-000621,Oakley Pinegrove,oakley.pinegrove.c621@example.com,706,2026-07-02,active
622,OC-000622,Lane Rosewood,lane.rosewood.c622@example.com,709,2026-04-09,active
623,OC-000623,Tatum Fairwind,tatum.fairwind.c623@example.com,709,2026-07-31,active
624,OC-000624,Parker Eastbrook,parker.eastbrook.c624@example.com,710,2026-03-04,active
625,OC-000625,Yael Pinegrove,yael.pinegrove.c625@example.com,710,2026-04-06,active
626,OC-000626,Kai Yarrow,kai.yarrow.c626@example.com,712,2026-06-03,active
627,OC-000627,Kendall Duskfield,kendall.duskfield.c627@example.com,712,2026-03-26,active
628,OC-000628,Kai Orchardson,kai.orchardson.c628@example.com,714,2026-05-08,active
629,OC-000629,Ellis Cinderhall,ellis.cinderhall.c629@example.com,714,2026-07-28,active
630,OC-000630,Briar Greenmantle,briar.greenmantle.c630@example.com,714,2026-06-01,active
631,OC-000631,Oakley Pinegrove,oakley.pinegrove.c631@example.com,719,2026-05-17,active
632,OC-000632,Ellis Westerly,ellis.westerly.c632@example.com,722,2026-07-07,active
633,OC-000633,Zion Jasperfield,zion.jasperfield.c633@example.com,722,2026-04-26,active
634,OC-000634,Quinn Orchardson,quinn.orchardson.c634@example.com,722,2026-06-12,active
635,OC-000635,Ember Underhill,ember.underhill.c635@example.com,723,2026-05-31,active
636,OC-000636,Zion Nettlebed,zion.nettlebed.c636@example.com,726,2026-04-16,active
637,OC-000637,Dune Bellweather,dune.bellweather.c637@example.com,728,2026-04-13,active
638,OC-000638,Avery Violette,avery.violette.c638@example.com,734,2026-03-22,active
639,OC-000639,Isle Kingsley,isle.kingsley.c639@example.com,737,2026-05-14,active
640,OC-000640,Juniper Nettlebed,juniper.nettlebed.c640@example.com,737,2026-03-23,active
641,OC-000641,Yael Hazelby,yael.hazelby.c641@example.com,737,2026-03-22,active
642,OC-000642,Kendall Duskfield,kendall.duskfield.c642@example.com,737,2026-04-23,active
643,OC-000643,Linden Duskfield,linden.duskfield.c643@example.com,737,2026-03-30,active
644,OC-000644,Haven Nettlebed,haven.nettlebed.c644@example.com,737,2026-04-25,active
645,OC-000645,Parker Dovetail,parker.dovetail.c645@example.com,747,2026-03-27,active
646,OC-000646,Juniper Amberly,juniper.amberly.c646@example.com,749,2026-04-27,active
647,OC-000647,North Jasperfield,north.jasperfield.c647@example.com,750,2026-05-25,active
648,OC-000648,Kai Nettlebed,kai.nettlebed.c648@example.com,750,2026-04-30,active
649,OC-000649,Oakley Quillfeather,oakley.quillfeather.c649@example.com,750,2026-07-23,active
650,OC-000650,Sage Cinderhall,sage.cinderhall.c650@example.com,751,2026-06-16,active
651,OC-000651,Briar Yarrow,briar.yarrow.c651@example.com,751,2026-05-30,active
652,OC-000652,Ember Pinegrove,ember.pinegrove.c652@example.com,751,2026-04-17,active
653,OC-000653,Briar Dovetail,briar.dovetail.c653@example.com,751,2026-06-05,active
654,OC-000654,Umber Silverbrook,umber.silverbrook.c654@example.com,752,2026-04-23,active
655,OC-000655,Kendall Lightfoot,kendall.lightfoot.c655@example.com,753,2026-04-14,active
656,OC-000656,Xen Claymore,xen.claymore.c656@example.com,754,2026-04-21,active
657,OC-000657,Ember Elmsworth,ember.elmsworth.c657@example.com,755,2026-04-12,active
658,OC-000658,Lane Duskfield,lane.duskfield.c658@example.com,755,2026-04-08,active
659,OC-000659,Frankie Quillfeather,frankie.quillfeather.c659@example.com,755,2026-04-19,active
660,OC-000660,Quinn Jasperfield,quinn.jasperfield.c660@example.com,759,2026-04-29,active
661,OC-000661,Yael Dovetail,yael.dovetail.c661@example.com,761,2026-05-01,active
662,OC-000662,Linden Kingsley,linden.kingsley.c662@example.com,761,2026-05-03,active
663,OC-000663,Meadow Kingsley,meadow.kingsley.c663@example.com,761,2026-07-26,active
664,OC-000664,Fern Ivorydale,fern.ivorydale.c664@example.com,761,2026-06-25,active
665,OC-000665,Briar Nightingale,briar.nightingale.c665@example.com,761,2026-04-10,active
666,OC-000666,Avery Elmsworth,avery.elmsworth.c666@example.com,761,2026-06-22,active
667,OC-000667,Ember Underhill,ember.underhill.c667@example.com,764,2026-06-18,active
668,OC-000668,Oakley Palewater,oakley.palewater.c668@example.com,764,2026-05-27,active
669,OC-000669,Meadow Jasperfield,meadow.jasperfield.c669@example.com,764,2026-07-15,active
670,OC-000670,North Bellweather,north.bellweather.c670@example.com,767,2026-07-24,active
671,OC-000671,Harper Foxglove,harper.foxglove.c671@example.com,768,2026-05-26,active
672,OC-000672,Frankie Kestrel,frankie.kestrel.c672@example.com,768,2026-05-25,active
673,OC-000673,Indigo Nettlebed,indigo.nettlebed.c673@example.com,768,2026-07-18,active
674,OC-000674,Wren Larkspur,wren.larkspur.c674@example.com,773,2026-06-06,active
675,OC-000675,Reese Marigold,reese.marigold.c675@example.com,773,2026-04-29,active
676,OC-000676,Cove Pinegrove,cove.pinegrove.c676@example.com,774,2026-06-03,active
677,OC-000677,Cove Bellweather,cove.bellweather.c677@example.com,778,2026-04-17,active
678,OC-000678,Frankie Ashford,frankie.ashford.c678@example.com,781,2026-06-12,active
679,OC-000679,Jules Birchwood,jules.birchwood.c679@example.com,782,2026-04-21,active
680,OC-000680,Ellis Ivorydale,ellis.ivorydale.c680@example.com,782,2026-05-04,active
681,OC-000681,Jules Quillfeather,jules.quillfeather.c681@example.com,784,2026-06-01,active
682,OC-000682,Briar Eastbrook,briar.eastbrook.c682@example.com,784,2026-05-27,active
683,OC-000683,Tatum Kingsley,tatum.kingsley.c683@example.com,784,2026-05-16,active
684,OC-000684,Umber Thornbury,umber.thornbury.c684@example.com,788,2026-07-31,active
685,OC-000685,Kai Larkspur,kai.larkspur.c685@example.com,788,2026-07-01,active
686,OC-000686,Parker Claymore,parker.claymore.c686@example.com,788,2026-06-30,active
687,OC-000687,Noel Yarrow,noel.yarrow.c687@example.com,789,2026-05-28,active
688,OC-000688,Wren Silverbrook,wren.silverbrook.c688@example.com,793,2026-07-18,active
689,OC-000689,Marlow Ashford,marlow.ashford.c689@example.com,795,2026-05-27,active
690,OC-000690,Briar Pinegrove,briar.pinegrove.c690@example.com,800,2026-04-23,active
691,OC-000691,Vale Quillfeather,vale.quillfeather.c691@example.com,800,2026-05-07,active
692,OC-000692,Yael Kestrel,yael.kestrel.c692@example.com,800,2026-06-04,active
693,OC-000693,Wren Cinderhall,wren.cinderhall.c693@example.com,800,2026-04-29,active
694,OC-000694,Kai Greenmantle,kai.greenmantle.c694@example.com,801,2026-06-23,active
695,OC-000695,Juniper Ashford,juniper.ashford.c695@example.com,801,2026-05-05,active
696,OC-000696,Casey Mossbank,casey.mossbank.c696@example.com,801,2026-05-05,active
697,OC-000697,Harper Orchardson,harper.orchardson.c697@example.com,802,2026-05-08,active
698,OC-000698,Meadow Amberly,meadow.amberly.c698@example.com,802,2026-06-06,active
699,OC-000699,Grove Goldcrest,grove.goldcrest.c699@example.com,803,2026-06-27,active
700,OC-000700,Casey Elmsworth,casey.elmsworth.c700@example.com,804,2026-06-01,active
701,OC-000701,Haven Bellweather,haven.bellweather.c701@example.com,807,2026-07-18,active
702,OC-000702,Xen Oakhurst,xen.oakhurst.c702@example.com,807,2026-05-21,active
703,OC-000703,Isle Fairwind,isle.fairwind.c703@example.com,814,2026-07-14,active
704,OC-000704,Kai Foxglove,kai.foxglove.c704@example.com,815,2026-05-19,active
705,OC-000705,Kai Juneberry,kai.juneberry.c705@example.com,820,2026-06-28,active
706,OC-000706,Frankie Ironwood,frankie.ironwood.c706@example.com,820,2026-06-07,active
707,OC-000707,Briar Rosewood,briar.rosewood.c707@example.com,823,2026-04-30,active
708,OC-000708,Xen Violette,xen.violette.c708@example.com,827,2026-04-30,active
709,OC-000709,Marlow Nightingale,marlow.nightingale.c709@example.com,829,2026-06-15,active
710,OC-000710,Isle Mossbank,isle.mossbank.c710@example.com,830,2026-07-12,active
711,OC-000711,Fern Hazelby,fern.hazelby.c711@example.com,831,2026-05-11,active
712,OC-000712,Xen Ironwood,xen.ironwood.c712@example.com,831,2026-06-03,active
713,OC-000713,Yael Juneberry,yael.juneberry.c713@example.com,831,2026-06-04,active
714,OC-000714,Oakley Elmsworth,oakley.elmsworth.c714@example.com,834,2026-07-31,active
715,OC-000715,Zion Pinegrove,zion.pinegrove.c715@example.com,834,2026-06-12,active
716,OC-000716,Ember Claymore,ember.claymore.c716@example.com,835,2026-06-28,active
717,OC-000717,Dana Birchwood,dana.birchwood.c717@example.com,836,2026-05-15,active
718,OC-000718,Fern Birchwood,fern.birchwood.c718@example.com,836,2026-07-12,active
719,OC-000719,Indigo Greenmantle,indigo.greenmantle.c719@example.com,836,2026-05-28,active
720,OC-000720,Zion Mossbank,zion.mossbank.c720@example.com,838,2026-06-08,active
721,OC-000721,Gray Ashford,gray.ashford.c721@example.com,843,2026-07-05,active
722,OC-000722,Xen Hazelby,xen.hazelby.c722@example.com,844,2026-06-18,active
723,OC-000723,Reese Goldcrest,reese.goldcrest.c723@example.com,844,2026-06-27,active
724,OC-000724,Reese Orchardson,reese.orchardson.c724@example.com,844,2026-06-13,active
725,OC-000725,Ellis Westerly,ellis.westerly.c725@example.com,846,2026-05-29,active
726,OC-000726,Parker Ironwood,parker.ironwood.c726@example.com,847,2026-06-12,active
727,OC-000727,Quinn Thornbury,quinn.thornbury.c727@example.com,847,2026-07-05,active
728,OC-000728,Oakley Nightingale,oakley.nightingale.c728@example.com,851,2026-07-20,active
729,OC-000729,Dune Fairwind,dune.fairwind.c729@example.com,851,2026-05-28,active
730,OC-000730,Parker Eastbrook,parker.eastbrook.c730@example.com,852,2026-06-14,active
731,OC-000731,Isle Hazelby,isle.hazelby.c731@example.com,856,2026-06-02,active
732,OC-000732,Linden Underhill,linden.underhill.c732@example.com,857,2026-07-12,active
733,OC-000733,Yael Ironwood,yael.ironwood.c733@example.com,857,2026-07-18,active
734,OC-000734,Vale Cinderhall,vale.cinderhall.c734@example.com,860,2026-07-11,active
735,OC-000735,Casey Pinegrove,casey.pinegrove.c735@example.com,861,2026-06-23,active
736,OC-000736,Ember Larkspur,ember.larkspur.c736@example.com,861,2026-07-07,active
737,OC-000737,Lane Bellweather,lane.bellweather.c737@example.com,864,2026-05-30,active
738,OC-000738,Wren Eastbrook,wren.eastbrook.c738@example.com,864,2026-07-13,active
739,OC-000739,Gray Mossbank,gray.mossbank.c739@example.com,864,2026-06-01,active
740,OC-000740,Avery Pinegrove,avery.pinegrove.c740@example.com,866,2026-05-31,active
741,OC-000741,Casey Marigold,casey.marigold.c741@example.com,866,2026-05-30,active
742,OC-000742,Tatum Violette,tatum.violette.c742@example.com,871,2026-06-25,active
743,OC-000743,Yael Lightfoot,yael.lightfoot.c743@example.com,871,2026-07-31,active
744,OC-000744,Quinn Amberly,quinn.amberly.c744@example.com,871,2026-06-18,active
745,OC-000745,Wren Ivorydale,wren.ivorydale.c745@example.com,872,2026-07-28,active
746,OC-000746,Yael Nightingale,yael.nightingale.c746@example.com,873,2026-07-19,active
747,OC-000747,Parker Palewater,parker.palewater.c747@example.com,873,2026-07-20,active
748,OC-000748,North Nightingale,north.nightingale.c748@example.com,873,2026-06-30,active
749,OC-000749,Sage Jasperfield,sage.jasperfield.c749@example.com,876,2026-06-25,active
750,OC-000750,Wren Lightfoot,wren.lightfoot.c750@example.com,879,2026-07-06,active
751,OC-000751,Kai Yarrow,kai.yarrow.c751@example.com,879,2026-06-16,active
752,OC-000752,Isle Lightfoot,isle.lightfoot.c752@example.com,879,2026-06-14,active
753,OC-000753,Dana Violette,dana.violette.c753@example.com,880,2026-07-14,active
754,OC-000754,Dana Kingsley,dana.kingsley.c754@example.com,880,2026-07-14,active
755,OC-000755,Meadow Mossbank,meadow.mossbank.c755@example.com,882,2026-06-17,active
756,OC-000756,Indigo Kingsley,indigo.kingsley.c756@example.com,883,2026-07-19,active
757,OC-000757,Ember Ironwood,ember.ironwood.c757@example.com,884,2026-07-30,active
758,OC-000758,Parker Pinegrove,parker.pinegrove.c758@example.com,892,2026-06-28,active
759,OC-000759,Meadow Goldcrest,meadow.goldcrest.c759@example.com,892,2026-06-21,active
760,OC-000760,Isle Mossbank,isle.mossbank.c760@example.com,892,2026-07-02,active
761,OC-000761,Arden Fairwind,arden.fairwind.c761@example.com,898,2026-06-20,active
762,OC-000762,Xen Claymore,xen.claymore.c762@example.com,899,2026-06-16,active
763,OC-000763,Quinn Ashford,quinn.ashford.c763@example.com,899,2026-06-23,active
764,OC-000764,Harper Palewater,harper.palewater.c764@example.com,901,2026-06-22,active
765,OC-000765,Yael Birchwood,yael.birchwood.c765@example.com,902,2026-06-18,active
766,OC-000766,Umber Quillfeather,umber.quillfeather.c766@example.com,902,2026-06-27,active
767,OC-000767,Zion Quillfeather,zion.quillfeather.c767@example.com,903,2026-07-26,active
768,OC-000768,Yael Dovetail,yael.dovetail.c768@example.com,906,2026-07-08,active
769,OC-000769,Juniper Birchwood,juniper.birchwood.c769@example.com,906,2026-07-11,active
770,OC-000770,Arden Pinegrove,arden.pinegrove.c770@example.com,906,2026-07-27,active
771,OC-000771,Yael Orchardson,yael.orchardson.c771@example.com,906,2026-06-26,active
772,OC-000772,Avery Westerly,avery.westerly.c772@example.com,908,2026-07-09,active
773,OC-000773,Wren Elmsworth,wren.elmsworth.c773@example.com,908,2026-07-27,active
774,OC-000774,Wren Juneberry,wren.juneberry.c774@example.com,908,2026-06-28,active
775,OC-000775,Gray Palewater,gray.palewater.c775@example.com,908,2026-06-24,active
776,OC-000776,North Silverbrook,north.silverbrook.c776@example.com,908,2026-07-22,active
777,OC-000777,Avery Underhill,avery.underhill.c777@example.com,908,2026-06-22,active
778,OC-000778,Tatum Claymore,tatum.claymore.c778@example.com,908,2026-06-30,active
779,OC-000779,Kendall Nettlebed,kendall.nettlebed.c779@example.com,908,2026-06-20,active
780,OC-000780,Parker Larkspur,parker.larkspur.c780@example.com,910,2026-06-28,active
781,OC-000781,Reese Duskfield,reese.duskfield.c781@example.com,910,2026-07-27,active
782,OC-000782,Frankie Goldcrest,frankie.goldcrest.c782@example.com,912,2026-07-17,active
783,OC-000783,Cove Nettlebed,cove.nettlebed.c783@example.com,913,2026-07-18,active
784,OC-000784,Ember Ironwood,ember.ironwood.c784@example.com,914,2026-06-26,active
785,OC-000785,Fern Nightingale,fern.nightingale.c785@example.com,914,2026-06-25,active
786,OC-000786,Vale Cinderhall,vale.cinderhall.c786@example.com,920,2026-07-25,active
787,OC-000787,Lane Larkspur,lane.larkspur.c787@example.com,921,2026-06-28,active
788,OC-000788,Yael Greenmantle,yael.greenmantle.c788@example.com,922,2026-06-26,active
789,OC-000789,Oakley Ashford,oakley.ashford.c789@example.com,922,2026-07-20,active
790,OC-000790,Arden Birchwood,arden.birchwood.c790@example.com,925,2026-06-28,active
791,OC-000791,Vale Birchwood,vale.birchwood.c791@example.com,927,2026-07-09,active
792,OC-000792,Kai Yarrow,kai.yarrow.c792@example.com,931,2026-06-30,active
793,OC-000793,Zion Birchwood,zion.birchwood.c793@example.com,931,2026-07-30,active
794,OC-000794,Meadow Lightfoot,meadow.lightfoot.c794@example.com,932,2026-07-18,active
795,OC-000795,Zion Ironwood,zion.ironwood.c795@example.com,933,2026-06-30,active
796,OC-000796,Linden Hollowell,linden.hollowell.c796@example.com,933,2026-07-28,active
797,OC-000797,Juniper Larkspur,juniper.larkspur.c797@example.com,933,2026-07-15,active
798,OC-000798,Lane Palewater,lane.palewater.c798@example.com,935,2026-07-06,active
799,OC-000799,Avery Fairwind,avery.fairwind.c799@example.com,941,2026-07-14,active
800,OC-000800,Yael Ironwood,yael.ironwood.c800@example.com,944,2026-07-09,active
801,OC-000801,Wren Violette,wren.violette.c801@example.com,944,2026-07-21,active
802,OC-000802,Meadow Eastbrook,meadow.eastbrook.c802@example.com,950,2026-07-16,active
803,OC-000803,Lane Duskfield,lane.duskfield.c803@example.com,958,2026-07-15,active
804,OC-000804,Yael Oakhurst,yael.oakhurst.c804@example.com,958,2026-07-30,active
805,OC-000805,Xen Ashford,xen.ashford.c805@example.com,960,2026-07-23,active
806,OC-000806,Casey Rosewood,casey.rosewood.c806@example.com,960,2026-07-22,active
807,OC-000807,Dana Juneberry,dana.juneberry.c807@example.com,962,2026-07-28,active
808,OC-000808,Juniper Eastbrook,juniper.eastbrook.c808@example.com,962,2026-07-26,active
809,OC-000809,Meadow Lightfoot,meadow.lightfoot.c809@example.com,963,2026-07-18,active
810,OC-000810,Noel Marigold,noel.marigold.c810@example.com,964,2026-07-17,active
811,OC-000811,Umber Goldcrest,umber.goldcrest.c811@example.com,965,2026-07-28,active
812,OC-000812,Oakley Claymore,oakley.claymore.c812@example.com,966,2026-07-31,active
813,OC-000813,Frankie Kingsley,frankie.kingsley.c813@example.com,969,2026-07-24,active
814,OC-000814,Casey Larkspur,casey.larkspur.c814@example.com,969,2026-07-23,active
815,OC-000815,Jules Amberly,jules.amberly.c815@example.com,971,2026-07-21,active
816,OC-000816,Vale Yarrow,vale.yarrow.c816@example.com,971,2026-07-24,active
817,OC-000817,Cove Nettlebed,cove.nettlebed.c817@example.com,971,2026-07-25,active
818,OC-000818,Isle Ironwood,isle.ironwood.c818@example.com,971,2026-07-30,active
819,OC-000819,Vale Nightingale,vale.nightingale.c819@example.com,974,2026-07-30,active
820,OC-000820,Tatum Dovetail,tatum.dovetail.c820@example.com,974,2026-07-29,active
821,OC-000821,Oakley Greenmantle,oakley.greenmantle.c821@example.com,975,2026-07-22,active
822,OC-000822,Harper Amberly,harper.amberly.c822@example.com,977,2026-07-28,active
823,OC-000823,Quinn Duskfield,quinn.duskfield.c823@example.com,980,2026-07-27,active
824,OC-000824,Umber Hollowell,umber.hollowell.c824@example.com,981,2026-07-25,active
825,OC-000825,Blake Oakhurst,blake.oakhurst.c825@example.com,981,2026-07-26,active
826,OC-000826,Vale Silverbrook,vale.silverbrook.c826@example.com,981,2026-07-30,active
827,OC-000827,Dana Bellweather,dana.bellweather.c827@example.com,981,2026-07-24,active
828,OC-000828,Lane Birchwood,lane.birchwood.c828@example.com,983,2026-07-26,active
829,OC-000829,Briar Fairwind,briar.fairwind.c829@example.com,983,2026-07-24,active
830,OC-000830,Ellis Jasperfield,ellis.jasperfield.c830@example.com,983,2026-07-24,active
831,OC-000831,Grove Elmsworth,grove.elmsworth.c831@example.com,983,2026-07-31,active
832,OC-000832,Juniper Thornbury,juniper.thornbury.c832@example.com,987,2026-07-29,active
833,OC-000833,Blake Claymore,blake.claymore.c833@example.com,987,2026-07-27,active
834,OC-000834,Frankie Nettlebed,frankie.nettlebed.c834@example.com,988,2026-07-27,active
835,OC-000835,Kendall Greenmantle,kendall.greenmantle.c835@example.com,989,2026-07-31,active
836,OC-000836,Juniper Jasperfield,juniper.jasperfield.c836@example.com,992,2026-07-29,active
837,OC-000837,Tatum Claymore,tatum.claymore.c837@example.com,993,2026-07-28,active
838,OC-000838,Kai Dovetail,kai.dovetail.c838@example.com,993,2026-07-28,active
839,OC-000839,Arden Yarrow,arden.yarrow.c839@example.com,999,2026-07-31,active
840,OC-000840,Briar Duskfield,briar.duskfield.c840@example.com,999,2026-07-31,active
