id,member_code,display_name,email,sponsor_id,enrolled_on,status
1,GW-000001,Kendall Marigold,kendall.marigold.1@example.com,,2024-08-02,active
2,GW-000002,Kai Eastbrook,kai.eastbrook.2@example.com,1,2024-08-03,active
3,GW-000003,Sage Oakhurst,sage.oakhurst.3@example.com,2,2024-08-04,active
4,GW-000004,Ellis Nettlebed,ellis.nettlebed.4@example.com,2,2024-08-06,active
5,GW-000005,North Eastbrook,north.eastbrook.5@example.com,1,2024-08-07,active
6,GW-000006,Fern Orchardson,fern.orchardson.6@example.com,3,2024-08-08,active
7,GW-000007,Jules Amberly,jules.amberly.7@example.com,2,2024-08-10,active
8,GW-000008,Yael Goldcrest,yael.goldcrest.8@example.com,1,2024-08-13,closed
9,GW-000009,Briar Amberly,briar.amberly.9@example.com,2,2024-08-19,active
10,GW-000010,Meadow Goldcrest,meadow.goldcrest.10@example.com,2,2024-08-19,active
11,GW-000011,Sage Greenmantle,sage.greenmantle.11@example.com,3,2024-08-23,active
12,GW-000012,Wren Elmsworth,wren.elmsworth.12@example.com,2,2024-08-23,active
13,GW-000013,Fern Orchardson,fern.orchardson.13@example.com,7,2024-08-25,active
14,GW-000014,Casey Pinegrove,casey.pinegrove.14@example.com,2,2024-08-25,active
15,GW-000015,Frankie Kestrel,frankie.kestrel.15@example.com,3,2024-08-26,active
16,GW-000016,Quinn Kingsley,quinn.kingsley.16@example.com,14,2024-08-27,active
17,GW-000017,Ember Goldcrest,ember.goldcrest.17@example.com,3,2024-08-28,active
18,GW-000018,Isle Juneberry,isle.juneberry.18@example.com,11,2024-08-29,active
19,GW-000019,Juniper Jasperfield,juniper.jasperfield.19@example.com,2,2024-08-31,active
20,GW-000020,Gray Greenmantle,gray.greenmantle.20@example.com,19,2024-08-31,active
21,GW-000021,Avery Hollowell,avery.hollowell.21@example.com,8,2024-09-01,active
22,GW-000022,Gray Eastbrook,gray.eastbrook.22@example.com,15,2024-09-01,active
23,GW-000023,Blake Ivorydale,blake.ivorydale.23@example.com,15,2024-09-01,active
24,GW-000024,Blake Orchardson,blake.orchardson.24@example.com,2,2024-09-02,active
25,GW-000025,Ellis Juneberry,ellis.juneberry.25@example.com,3,2024-09-02,active
26,GW-000026,Juniper Nettlebed,juniper.nettlebed.26@example.com,2,2024-09-02,active
27,GW-000027,Indigo Jasperfield,indigo.jasperfield.27@example.com,17,2024-09-05,active
28,GW-000028,Dana Jasperfield,dana.jasperfield.28@example.com,26,2024-09-06,active
29,GW-000029,Linden Hollowell,linden.hollowell.29@example.com,18,2024-09-07,active
30,GW-000030,Sage Jasperfield,sage.jasperfield.30@example.com,2,2024-09-07,active
31,GW-000031,Yael Underhill,yael.underhill.31@example.com,30,2024-09-08,closed
32,GW-000032,Xen Thornbury,xen.thornbury.32@example.com,3,2024-09-09,active
33,GW-000033,Haven Duskfield,haven.duskfield.33@example.com,6,2024-09-09,active
34,GW-000034,Oakley Hazelby,oakley.hazelby.34@example.com,3,2024-09-11,active
35,GW-000035,Linden Eastbrook,linden.eastbrook.35@example.com,10,2024-09-13,active
36,GW-000036,Indigo Elmsworth,indigo.elmsworth.36@example.com,25,2024-09-13,closed
37,GW-000037,Briar Elmsworth,briar.elmsworth.37@example.com,3,2024-09-13,active
38,GW-000038,Tatum Foxglove,tatum.foxglove.38@example.com,35,2024-09-13,active
39,GW-000039,Cove Amberly,cove.amberly.39@example.com,2,2024-09-15,active
40,GW-000040,Haven Pinegrove,haven.pinegrove.40@example.com,24,2024-09-16,active
41,GW-000041,Umber Nettlebed,umber.nettlebed.41@example.com,25,2024-09-16,closed
42,GW-000042,Umber Violette,umber.violette.42@example.com,2,2024-09-17,active
43,GW-000043,Quinn Westerly,quinn.westerly.43@example.com,41,2024-09-18,active
44,GW-000044,Marlow Lightfoot,marlow.lightfoot.44@example.com,37,2024-09-19,active
45,GW-000045,Tatum Westerly,tatum.westerly.45@example.com,11,2024-09-20,active
46,GW-000046,Dune Pinegrove,dune.pinegrove.46@example.com,3,2024-09-20,active
47,GW-000047,Wren Underhill,wren.underhill.47@example.com,30,2024-09-21,active
48,GW-000048,Kendall Hazelby,kendall.hazelby.48@example.com,38,2024-09-22,active
49,GW-000049,Haven Ivorydale,haven.ivorydale.49@example.com,2,2024-09-22,active
50,GW-000050,Quinn Orchardson,quinn.orchardson.50@example.com,2,2024-09-24,active
51,GW-000051,North Elmsworth,north.elmsworth.51@example.com,5,2024-09-24,active
52,GW-000052,Tatum Orchardson,tatum.orchardson.52@example.com,45,2024-09-25,active
53,GW-000053,Avery Nightingale,avery.nightingale.53@example.com,51,2024-09-27,active
54,GW-000054,Fern Elmsworth,fern.elmsworth.54@example.com,2,2024-09-29,closed
55,GW-000055,Parker Ivorydale,parker.ivorydale.55@example.com,34,2024-09-30,active
56,GW-000056,Linden Amberly,linden.amberly.56@example.com,54,2024-10-01,active
57,GW-000057,Parker Hollowell,parker.hollowell.57@example.com,11,2024-10-03,active
58,GW-000058,Wren Goldcrest,wren.goldcrest.58@example.com,25,2024-10-03,active
59,GW-000059,Dana Eastbrook,dana.eastbrook.59@example.com,18,2024-10-03,active
60,GW-000060,Ember Claymore,ember.claymore.60@example.com,19,2024-10-05,active
61,GW-000061,Briar Duskfield,briar.duskfield.61@example.com,3,2024-10-06,active
62,GW-000062,Dune Violette,dune.violette.62@example.com,37,2024-10-07,closed
63,GW-000063,Umber Greenmantle,umber.greenmantle.63@example.com,32,2024-10-08,active
64,GW-000064,Haven Greenmantle,haven.greenmantle.64@example.com,53,2024-10-08,closed
65,GW-000065,Haven Amberly,haven.amberly.65@example.com,8,2024-10-09,closed
66,GW-000066,Linden Dovetail,linden.dovetail.66@example.com,27,2024-10-09,active
67,GW-000067,Noel Pinegrove,noel.pinegrove.67@example.com,44,2024-10-11,active
68,GW-000068,Fern Elmsworth,fern.elmsworth.68@example.com,34,2024-10-17,active
69,GW-000069,Yael Nettlebed,yael.nettlebed.69@example.com,25,2024-10-18,active
70,GW-000070,Frankie Jasperfield,frankie.jasperfield.70@example.com,58,2024-10-20,closed
71,GW-000071,Vale Elmsworth,vale.elmsworth.71@example.com,8,2024-10-21,active
72,GW-000072,Vale Rosewood,vale.rosewood.72@example.com,2,2024-10-21,active
73,GW-000073,Zion Palewater,zion.palewater.73@example.com,58,2024-10-22,active
74,GW-000074,Linden Quillfeather,linden.quillfeather.74@example.com,2,2024-10-24,active
75,GW-000075,Lane Marigold,lane.marigold.75@example.com,44,2024-10-29,active
76,GW-000076,Meadow Nightingale,meadow.nightingale.76@example.com,47,2024-10-29,active
77,GW-000077,Xen Cinderhall,xen.cinderhall.77@example.com,47,2024-10-31,active
78,GW-000078,Briar Fairwind,briar.fairwind.78@example.com,17,2024-10-31,active
79,GW-000079,Frankie Juneberry,frankie.juneberry.79@example.com,49,2024-10-31,active
80,GW-000080,Kendall Silverbrook,kendall.silverbrook.80@example.com,2,2024-11-01,active
81,GW-000081,Grove Yarrow,grove.yarrow.81@example.com,2,2024-11-02,active
82,GW-000082,Quinn Marigold,quinn.marigold.82@example.com,65,2024-11-04,active
83,GW-000083,Lane Oakhurst,lane.oakhurst.83@example.com,68,2024-11-04,closed
84,GW-000084,North Quillfeather,north.quillfeather.84@example.com,2,2024-11-05,closed
85,GW-000085,Parker Dovetail,parker.dovetail.85@example.com,2,2024-11-05,active
86,GW-000086,Grove Dovetail,grove.dovetail.86@example.com,28,2024-11-06,active
87,GW-000087,Meadow Kestrel,meadow.kestrel.87@example.com,2,2024-11-06,active
88,GW-000088,Ellis Ivorydale,ellis.ivorydale.88@example.com,2,2024-11-07,active
89,GW-000089,Umber Orchardson,umber.orchardson.89@example.com,40,2024-11-07,active
90,GW-000090,Marlow Marigold,marlow.marigold.90@example.com,2,2024-11-07,closed
91,GW-000091,Wren Eastbrook,wren.eastbrook.91@example.com,43,2024-11-10,active
92,GW-000092,Isle Eastbrook,isle.eastbrook.92@example.com,2,2024-11-14,active
93,GW-000093,Marlow Quillfeather,marlow.quillfeather.93@example.com,2,2024-11-14,active
94,GW-000094,Noel Ironwood,noel.ironwood.94@example.com,14,2024-11-19,closed
95,GW-000095,Yael Juneberry,yael.juneberry.95@example.com,37,2024-11-19,active
96,GW-000096,Vale Rosewood,vale.rosewood.96@example.com,81,2024-11-21,active
97,GW-000097,Wren Juneberry,wren.juneberry.97@example.com,18,2024-11-22,active
98,GW-000098,Casey Birchwood,casey.birchwood.98@example.com,17,2024-11-22,active
99,GW-000099,Grove Bellweather,grove.bellweather.99@example.com,3,2024-11-23,closed
100,GW-000100,Jules Nettlebed,jules.nettlebed.100@example.com,11,2024-11-24,active
101,GW-000101,Noel Greenmantle,noel.greenmantle.101@example.com,3,2024-11-25,active
102,GW-000102,Tatum Birchwood,tatum.birchwood.102@example.com,80,2024-11-25,active
103,GW-000103,Quinn Oakhurst,quinn.oakhurst.103@example.com,3,2024-11-26,closed
104,GW-000104,Linden Nettlebed,linden.nettlebed.104@example.com,45,2024-11-29,active
105,GW-000105,Frankie Foxglove,frankie.foxglove.105@example.com,56,2024-11-30,closed
106,GW-000106,Jules Ashford,jules.ashford.106@example.com,51,2024-11-30,active
107,GW-000107,Noel Pinegrove,noel.pinegrove.107@example.com,2,2024-12-01,active
108,GW-000108,North Lightfoot,north.lightfoot.108@example.com,32,2024-12-01,active
109,GW-000109,Lane Bellweather,lane.bellweather.109@example.com,108,2024-12-01,active
110,GW-000110,Lane Hollowell,lane.hollowell.110@example.com,35,2024-12-02,active
111,GW-000111,Umber Silverbrook,umber.silverbrook.111@example.com,87,2024-12-03,active
112,GW-000112,Kai Nettlebed,kai.nettlebed.112@example.com,2,2024-12-05,closed
113,GW-000113,Noel Ashford,noel.ashford.113@example.com,3,2024-12-06,active
114,GW-000114,Tatum Birchwood,tatum.birchwood.114@example.com,60,2024-12-06,active
115,GW-000115,Haven Nightingale,haven.nightingale.115@example.com,107,2024-12-07,closed
116,GW-000116,Casey Juneberry,casey.juneberry.116@example.com,74,2024-12-07,active
117,GW-000117,Parker Ashford,parker.ashford.117@example.com,4,2024-12-10,active
118,GW-000118,Vale Violette,vale.violette.118@example.com,2,2024-12-15,active
119,GW-000119,Meadow Ivorydale,meadow.ivorydale.119@example.com,2,2024-12-15,active
120,GW-000120,Reese Yarrow,reese.yarrow.120@example.com,47,2024-12-15,active
121,GW-000121,North Orchardson,north.orchardson.121@example.com,89,2024-12-15,active
122,GW-000122,Tatum Dovetail,tatum.dovetail.122@example.com,42,2024-12-16,active
123,GW-000123,Avery Nightingale,avery.nightingale.123@example.com,84,2024-12-17,active
124,GW-000124,Indigo Duskfield,indigo.duskfield.124@example.com,84,2024-12-20,active
125,GW-000125,Kai Violette,kai.violette.125@example.com,115,2024-12-21,active
126,GW-000126,North Jasperfield,north.jasperfield.126@example.com,1,2024-12-23,active
127,GW-000127,Sage Palewater,sage.palewater.127@example.com,15,2024-12-25,active
128,GW-000128,Ellis Ironwood,ellis.ironwood.128@example.com,3,2024-12-25,closed
129,GW-000129,Arden Mossbank,arden.mossbank.129@example.com,25,2024-12-27,active
130,GW-000130,Gray Lightfoot,gray.lightfoot.130@example.com,109,2024-12-27,closed
131,GW-000131,Indigo Nightingale,indigo.nightingale.131@example.com,97,2024-12-28,closed
132,GW-000132,Dune Nettlebed,dune.nettlebed.132@example.com,2,2024-12-29,active
133,GW-000133,Arden Larkspur,arden.larkspur.133@example.com,64,2024-12-29,active
134,GW-000134,Vale Nightingale,vale.nightingale.134@example.com,2,2025-01-01,active
135,GW-000135,Isle Oakhurst,isle.oakhurst.135@example.com,3,2025-01-01,active
136,GW-000136,Avery Kingsley,avery.kingsley.136@example.com,86,2025-01-02,active
137,GW-000137,Kai Bellweather,kai.bellweather.137@example.com,71,2025-01-04,active
138,GW-000138,Zion Duskfield,zion.duskfield.138@example.com,88,2025-01-05,active
139,GW-000139,Noel Kestrel,noel.kestrel.139@example.com,3,2025-01-07,active
140,GW-000140,Noel Bellweather,noel.bellweather.140@example.com,118,2025-01-08,active
141,GW-000141,Cove Bellweather,cove.bellweather.141@example.com,2,2025-01-08,closed
142,GW-000142,Zion Quillfeather,zion.quillfeather.142@example.com,127,2025-01-11,active
143,GW-000143,Noel Juneberry,noel.juneberry.143@example.com,72,2025-01-11,active
144,GW-000144,Haven Foxglove,haven.foxglove.144@example.com,133,2025-01-12,active
145,GW-000145,Grove Bellweather,grove.bellweather.145@example.com,33,2025-01-13,active
146,GW-000146,Grove Rosewood,grove.rosewood.146@example.com,3,2025-01-13,active
147,GW-000147,Kai Amberly,kai.amberly.147@example.com,2,2025-01-14,active
148,GW-000148,Tatum Marigold,tatum.marigold.148@example.com,130,2025-01-14,active
149,GW-000149,Xen Hazelby,xen.hazelby.149@example.com,99,2025-01-14,active
150,GW-000150,Xen Bellweather,xen.bellweather.150@example.com,131,2025-01-16,active
151,GW-000151,Yael Silverbrook,yael.silverbrook.151@example.com,20,2025-01-17,active
152,GW-000152,Haven Larkspur,haven.larkspur.152@example.com,68,2025-01-17,closed
153,GW-000153,Avery Larkspur,avery.larkspur.153@example.com,2,2025-01-17,active
154,GW-000154,Isle Amberly,isle.amberly.154@example.com,35,2025-01-19,active
155,GW-000155,Harper Ashford,harper.ashford.155@example.com,137,2025-01-19,closed
156,GW-000156,Harper Oakhurst,harper.oakhurst.156@example.com,2,2025-01-23,active
157,GW-000157,Isle Mossbank,isle.mossbank.157@example.com,3,2025-01-24,active
158,GW-000158,Isle Hollowell,isle.hollowell.158@example.com,3,2025-01-24,active
159,GW-000159,Sage Juneberry,sage.juneberry.159@example.com,152,2025-01-24,active
160,GW-000160,Juniper Palewater,juniper.palewater.160@example.com,3,2025-01-25,active
161,GW-000161,Lane Amberly,lane.amberly.161@example.com,3,2025-01-26,active
162,GW-000162,Isle Underhill,isle.underhill.162@example.com,67,2025-01-26,active
163,GW-000163,Dune Thornbury,dune.thornbury.163@example.com,80,2025-01-26,active
164,GW-000164,Sage Larkspur,sage.larkspur.164@example.com,3,2025-01-27,active
165,GW-000165,Cove Cinderhall,cove.cinderhall.165@example.com,116,2025-01-30,active
166,GW-000166,Gray Elmsworth,gray.elmsworth.166@example.com,3,2025-02-01,active
167,GW-000167,North Hazelby,north.hazelby.167@example.com,3,2025-02-02,active
168,GW-000168,Cove Elmsworth,cove.elmsworth.168@example.com,3,2025-02-04,active
169,GW-000169,Grove Hollowell,grove.hollowell.169@example.com,117,2025-02-05,closed
170,GW-000170,Briar Violette,briar.violette.170@example.com,127,2025-02-07,active
171,GW-000171,Zion Palewater,zion.palewater.171@example.com,50,2025-02-08,active
172,GW-000172,Umber Hazelby,umber.hazelby.172@example.com,33,2025-02-08,active
173,GW-000173,Kendall Kestrel,kendall.kestrel.173@example.com,3,2025-02-09,active
174,GW-000174,Cove Yarrow,cove.yarrow.174@example.com,3,2025-02-10,active
175,GW-000175,Lane Yarrow,lane.yarrow.175@example.com,2,2025-02-11,active
176,GW-000176,Cove Dovetail,cove.dovetail.176@example.com,93,2025-02-15,active
177,GW-000177,Ember Duskfield,ember.duskfield.177@example.com,173,2025-02-16,closed
178,GW-000178,Zion Cinderhall,zion.cinderhall.178@example.com,96,2025-02-16,closed
179,GW-000179,Quinn Duskfield,quinn.duskfield.179@example.com,19,2025-02-16,active
180,GW-000180,Indigo Larkspur,indigo.larkspur.180@example.com,120,2025-02-16,active
181,GW-000181,Noel Goldcrest,noel.goldcrest.181@example.com,144,2025-02-17,active
182,GW-000182,Arden Yarrow,arden.yarrow.182@example.com,32,2025-02-18,active
183,GW-000183,Noel Kingsley,noel.kingsley.183@example.com,163,2025-02-18,active
184,GW-000184,Jules Kestrel,jules.kestrel.184@example.com,117,2025-02-18,active
185,GW-000185,Kendall Orchardson,kendall.orchardson.185@example.com,182,2025-02-19,active
186,GW-000186,Sage Mossbank,sage.mossbank.186@example.com,177,2025-02-20,active
187,GW-000187,Frankie Fairwind,frankie.fairwind.187@example.com,33,2025-02-20,active
188,GW-000188,Marlow Elmsworth,marlow.elmsworth.188@example.com,183,2025-02-20,active
189,GW-000189,Zion Violette,zion.violette.189@example.com,131,2025-02-21,active
190,GW-000190,Yael Kestrel,yael.kestrel.190@example.com,3,2025-02-22,closed
191,GW-000191,Frankie Claymore,frankie.claymore.191@example.com,3,2025-02-22,closed
192,GW-000192,Kendall Larkspur,kendall.larkspur.192@example.com,110,2025-02-23,active
193,GW-000193,Frankie Nightingale,frankie.nightingale.193@example.com,34,2025-02-23,active
194,GW-000194,Meadow Ivorydale,meadow.ivorydale.194@example.com,19,2025-02-26,active
195,GW-000195,Meadow Silverbrook,meadow.silverbrook.195@example.com,143,2025-03-02,active
196,GW-000196,Jules Claymore,jules.claymore.196@example.com,92,2025-03-03,active
197,GW-000197,Kai Nightingale,kai.nightingale.197@example.com,19,2025-03-03,active
198,GW-000198,Zion Hollowell,zion.hollowell.198@example.com,180,2025-03-05,active
199,GW-000199,Juniper Goldcrest,juniper.goldcrest.199@example.com,196,2025-03-06,active
200,GW-000200,Sage Birchwood,sage.birchwood.200@example.com,4,2025-03-07,active
201,GW-000201,Vale Westerly,vale.westerly.201@example.com,17,2025-03-10,active
202,GW-000202,Isle Ivorydale,isle.ivorydale.202@example.com,47,2025-03-10,active
203,GW-000203,Xen Amberly,xen.amberly.203@example.com,2,2025-03-11,closed
204,GW-000204,Ellis Lightfoot,ellis.lightfoot.204@example.com,2,2025-03-12,active
205,GW-000205,Tatum Duskfield,tatum.duskfield.205@example.com,3,2025-03-13,closed
206,GW-000206,Marlow Bellweather,marlow.bellweather.206@example.com,164,2025-03-15,active
207,GW-000207,Gray Quillfeather,gray.quillfeather.207@example.com,4,2025-03-15,active
208,GW-000208,Haven Fairwind,haven.fairwind.208@example.com,115,2025-03-18,active
209,GW-000209,Haven Yarrow,haven.yarrow.209@example.com,11,2025-03-19,active
210,GW-000210,Frankie Jasperfield,frankie.jasperfield.210@example.com,169,2025-03-19,active
211,GW-000211,Kendall Dovetail,kendall.dovetail.211@example.com,185,2025-03-20,active
212,GW-000212,Kendall Juneberry,kendall.juneberry.212@example.com,3,2025-03-21,active
213,GW-000213,North Pinegrove,north.pinegrove.213@example.com,19,2025-03-22,active
214,GW-000214,Isle Greenmantle,isle.greenmantle.214@example.com,200,2025-03-23,closed
215,GW-000215,Harper Pinegrove,harper.pinegrove.215@example.com,4,2025-03-24,active
216,GW-000216,Vale Silverbrook,vale.silverbrook.216@example.com,166,2025-03-24,active
217,GW-000217,Meadow Eastbrook,meadow.eastbrook.217@example.com,167,2025-03-24,active
218,GW-000218,Zion Pinegrove,zion.pinegrove.218@example.com,3,2025-03-25,active
219,GW-000219,Wren Elmsworth,wren.elmsworth.219@example.com,2,2025-03-25,active
220,GW-000220,Isle Hazelby,isle.hazelby.220@example.com,87,2025-03-26,active
221,GW-000221,Wren Violette,wren.violette.221@example.com,195,2025-03-26,active
222,GW-000222,Fern Yarrow,fern.yarrow.222@example.com,32,2025-03-28,active
223,GW-000223,Lane Palewater,lane.palewater.223@example.com,169,2025-03-29,active
224,GW-000224,Harper Hazelby,harper.hazelby.224@example.com,2,2025-04-01,active
225,GW-000225,Tatum Thornbury,tatum.thornbury.225@example.com,135,2025-04-02,active
226,GW-000226,Haven Cinderhall,haven.cinderhall.226@example.com,138,2025-04-03,active
227,GW-000227,Arden Orchardson,arden.orchardson.227@example.com,217,2025-04-03,active
228,GW-000228,North Yarrow,north.yarrow.228@example.com,227,2025-04-03,active
229,GW-000229,Kendall Ivorydale,kendall.ivorydale.229@example.com,210,2025-04-04,active
230,GW-000230,Dune Elmsworth,dune.elmsworth.230@example.com,4,2025-04-04,active
231,GW-000231,Ellis Ashford,ellis.ashford.231@example.com,198,2025-04-05,active
232,GW-000232,Cove Larkspur,cove.larkspur.232@example.com,3,2025-04-06,active
233,GW-000233,Vale Cinderhall,vale.cinderhall.233@example.com,33,2025-04-09,active
234,GW-000234,Avery Westerly,avery.westerly.234@example.com,64,2025-04-10,active
235,GW-000235,Frankie Westerly,frankie.westerly.235@example.com,2,2025-04-10,active
236,GW-000236,Ellis Jasperfield,ellis.jasperfield.236@example.com,33,2025-04-11,active
237,GW-000237,Dana Birchwood,dana.birchwood.237@example.com,2,2025-04-11,closed
238,GW-000238,Lane Silverbrook,lane.silverbrook.238@example.com,222,2025-04-16,active
239,GW-000239,Briar Pinegrove,briar.pinegrove.239@example.com,195,2025-04-17,active
240,GW-000240,Tatum Ivorydale,tatum.ivorydale.240@example.com,2,2025-04-17,active
241,GW-000241,Cove Amberly,cove.amberly.241@example.com,219,2025-04-17,active
242,GW-000242,Marlow Underhill,marlow.underhill.242@example.com,225,2025-04-19,active
243,GW-000243,Tatum Juneberry,tatum.juneberry.243@example.com,190,2025-04-19,active
244,GW-000244,Linden Birchwood,linden.birchwood.244@example.com,162,2025-04-22,active
245,GW-000245,Zion Nightingale,zion.nightingale.245@example.com,208,2025-04-23,active
246,GW-000246,Zion Larkspur,zion.larkspur.246@example.com,4,2025-04-23,active
247,GW-000247,Umber Westerly,umber.westerly.247@example.com,190,2025-04-25,active
248,GW-000248,Sage Greenmantle,sage.greenmantle.248@example.com,169,2025-04-27,active
249,GW-000249,Dana Westerly,dana.westerly.249@example.com,227,2025-04-28,active
250,GW-000250,Oakley Hollowell,oakley.hollowell.250@example.com,222,2025-04-29,active
251,GW-000251,Noel Hazelby,noel.hazelby.251@example.com,20,2025-04-30,active
252,GW-000252,Jules Duskfield,jules.duskfield.252@example.com,199,2025-04-30,closed
253,GW-000253,Parker Violette,parker.violette.253@example.com,2,2025-05-01,active
254,GW-000254,Noel Ivorydale,noel.ivorydale.254@example.com,109,2025-05-01,active
255,GW-000255,Frankie Jasperfield,frankie.jasperfield.255@example.com,202,2025-05-03,active
256,GW-000256,Avery Cinderhall,avery.cinderhall.256@example.com,227,2025-05-03,active
257,GW-000257,Grove Orchardson,grove.orchardson.257@example.com,237,2025-05-03,active
258,GW-000258,Wren Quillfeather,wren.quillfeather.258@example.com,247,2025-05-06,closed
259,GW-000259,Briar Jasperfield,briar.jasperfield.259@example.com,79,2025-05-07,active
260,GW-000260,Kendall Kestrel,kendall.kestrel.260@example.com,185,2025-05-08,active
261,GW-000261,Yael Kingsley,yael.kingsley.261@example.com,236,2025-05-09,active
262,GW-000262,Wren Nettlebed,wren.nettlebed.262@example.com,173,2025-05-09,active
263,GW-000263,Sage Larkspur,sage.larkspur.263@example.com,204,2025-05-10,active
264,GW-000264,Frankie Foxglove,frankie.foxglove.264@example.com,2,2025-05-10,closed
265,GW-000265,Zion Eastbrook,zion.eastbrook.265@example.com,163,2025-05-12,active
266,GW-000266,Oakley Juneberry,oakley.juneberry.266@example.com,248,2025-05-12,active
267,GW-000267,Oakley Jasperfield,oakley.jasperfield.267@example.com,173,2025-05-12,active
268,GW-000268,Umber Underhill,umber.underhill.268@example.com,4,2025-05-13,active
269,GW-000269,Wren Thornbury,wren.thornbury.269@example.com,203,2025-05-14,active
270,GW-000270,Kai Birchwood,kai.birchwood.270@example.com,269,2025-05-14,active
271,GW-000271,Yael Hollowell,yael.hollowell.271@example.com,171,2025-05-15,active
272,GW-000272,Fern Larkspur,fern.larkspur.272@example.com,19,2025-05-16,closed
273,GW-000273,Fern Rosewood,fern.rosewood.273@example.com,248,2025-05-17,active
274,GW-000274,Dana Fairwind,dana.fairwind.274@example.com,169,2025-05-17,active
275,GW-000275,Quinn Thornbury,quinn.thornbury.275@example.com,19,2025-05-17,closed
276,GW-000276,Lane Thornbury,lane.thornbury.276@example.com,225,2025-05-17,active
277,GW-000277,Avery Eastbrook,avery.eastbrook.277@example.com,33,2025-05-18,active
278,GW-000278,Ellis Jasperfield,ellis.jasperfield.278@example.com,269,2025-05-19,active
279,GW-000279,Gray Elmsworth,gray.elmsworth.279@example.com,272,2025-05-20,closed
280,GW-000280,Cove Kestrel,cove.kestrel.280@example.com,113,2025-05-20,active
281,GW-000281,Isle Quillfeather,isle.quillfeather.281@example.com,197,2025-05-20,active
282,GW-000282,Ember Fairwind,ember.fairwind.282@example.com,268,2025-05-20,active
283,GW-000283,Frankie Yarrow,frankie.yarrow.283@example.com,33,2025-05-21,active
284,GW-000284,Ember Bellweather,ember.bellweather.284@example.com,15,2025-05-21,closed
285,GW-000285,Reese Silverbrook,reese.silverbrook.285@example.com,196,2025-05-23,active
286,GW-000286,Fern Hazelby,fern.hazelby.286@example.com,3,2025-05-23,active
287,GW-000287,Isle Juneberry,isle.juneberry.287@example.com,208,2025-05-24,active
288,GW-000288,Vale Hazelby,vale.hazelby.288@example.com,188,2025-05-24,closed
289,GW-000289,Briar Bellweather,briar.bellweather.289@example.com,4,2025-05-24,active
290,GW-000290,Briar Amberly,briar.amberly.290@example.com,11,2025-05-24,active
291,GW-000291,Umber Violette,umber.violette.291@example.com,284,2025-05-26,closed
292,GW-000292,Vale Eastbrook,vale.eastbrook.292@example.com,256,2025-05-26,active
293,GW-000293,Fern Westerly,fern.westerly.293@example.com,168,2025-05-27,active
294,GW-000294,Quinn Fairwind,quinn.fairwind.294@example.com,3,2025-05-27,active
295,GW-000295,Quinn Foxglove,quinn.foxglove.295@example.com,14,2025-05-27,active
296,GW-000296,Meadow Underhill,meadow.underhill.296@example.com,279,2025-06-01,active
297,GW-000297,Blake Dovetail,blake.dovetail.297@example.com,247,2025-06-01,active
298,GW-000298,Fern Birchwood,fern.birchwood.298@example.com,26,2025-06-03,active
299,GW-000299,Linden Elmsworth,linden.elmsworth.299@example.com,254,2025-06-04,active
300,GW-000300,Zion Palewater,zion.palewater.300@example.com,3,2025-06-04,active
301,GW-000301,Fern Elmsworth,fern.elmsworth.301@example.com,33,2025-06-04,active
302,GW-000302,Haven Amberly,haven.amberly.302@example.com,283,2025-06-05,active
303,GW-000303,Marlow Mossbank,marlow.mossbank.303@example.com,268,2025-06-06,active
304,GW-000304,Dana Greenmantle,dana.greenmantle.304@example.com,4,2025-06-07,active
305,GW-000305,Dana Underhill,dana.underhill.305@example.com,231,2025-06-07,active
306,GW-000306,Gray Ivorydale,gray.ivorydale.306@example.com,104,2025-06-07,active
307,GW-000307,Grove Larkspur,grove.larkspur.307@example.com,2,2025-06-09,active
308,GW-000308,Isle Yarrow,isle.yarrow.308@example.com,306,2025-06-10,active
309,GW-000309,Quinn Greenmantle,quinn.greenmantle.309@example.com,33,2025-06-10,active
310,GW-000310,Indigo Duskfield,indigo.duskfield.310@example.com,33,2025-06-10,active
311,GW-000311,Yael Larkspur,yael.larkspur.311@example.com,280,2025-06-10,active
312,GW-000312,Oakley Westerly,oakley.westerly.312@example.com,279,2025-06-10,active
313,GW-000313,Zion Eastbrook,zion.eastbrook.313@example.com,253,2025-06-10,active
314,GW-000314,Jules Violette,jules.violette.314@example.com,248,2025-06-14,closed
315,GW-000315,Isle Claymore,isle.claymore.315@example.com,2,2025-06-18,active
316,GW-000316,Umber Orchardson,umber.orchardson.316@example.com,191,2025-06-18,closed
317,GW-000317,Grove Foxglove,grove.foxglove.317@example.com,80,2025-06-20,active
318,GW-000318,Briar Elmsworth,briar.elmsworth.318@example.com,3,2025-06-21,active
319,GW-000319,Linden Quillfeather,linden.quillfeather.319@example.com,292,2025-06-21,active
320,GW-000320,Casey Greenmantle,casey.greenmantle.320@example.com,259,2025-06-21,active
321,GW-000321,Sage Ashford,sage.ashford.321@example.com,168,2025-06-22,active
322,GW-000322,Dana Juneberry,dana.juneberry.322@example.com,279,2025-06-22,active
323,GW-000323,Kendall Hazelby,kendall.hazelby.323@example.com,301,2025-06-22,active
324,GW-000324,Zion Dovetail,zion.dovetail.324@example.com,272,2025-06-24,active
325,GW-000325,Yael Jasperfield,yael.jasperfield.325@example.com,290,2025-06-24,active
326,GW-000326,Kai Ashford,kai.ashford.326@example.com,3,2025-06-24,active
327,GW-000327,North Pinegrove,north.pinegrove.327@example.com,91,2025-06-26,closed
328,GW-000328,Lane Thornbury,lane.thornbury.328@example.com,298,2025-06-26,closed
329,GW-000329,Quinn Violette,quinn.violette.329@example.com,312,2025-06-26,active
330,GW-000330,Noel Duskfield,noel.duskfield.330@example.com,67,2025-06-27,active
331,GW-000331,Dune Bellweather,dune.bellweather.331@example.com,281,2025-06-27,active
332,GW-000332,North Larkspur,north.larkspur.332@example.com,2,2025-06-27,closed
333,GW-000333,Casey Marigold,casey.marigold.333@example.com,296,2025-06-28,active
334,GW-000334,Indigo Ivorydale,indigo.ivorydale.334@example.com,263,2025-06-30,active
335,GW-000335,Haven Nightingale,haven.nightingale.335@example.com,304,2025-07-01,active
336,GW-000336,Casey Jasperfield,casey.jasperfield.336@example.com,297,2025-07-02,active
337,GW-000337,Avery Bellweather,avery.bellweather.337@example.com,222,2025-07-03,active
338,GW-000338,Arden Palewater,arden.palewater.338@example.com,270,2025-07-04,active
339,GW-000339,Noel Violette,noel.violette.339@example.com,3,2025-07-04,active
340,GW-000340,Grove Ironwood,grove.ironwood.340@example.com,52,2025-07-06,active
341,GW-000341,Xen Ivorydale,xen.ivorydale.341@example.com,304,2025-07-08,active
342,GW-000342,Marlow Bellweather,marlow.bellweather.342@example.com,261,2025-07-11,active
343,GW-000343,Jules Dovetail,jules.dovetail.343@example.com,294,2025-07-11,closed
344,GW-000344,Yael Pinegrove,yael.pinegrove.344@example.com,305,2025-07-11,active
345,GW-000345,Ember Eastbrook,ember.eastbrook.345@example.com,2,2025-07-13,active
346,GW-000346,Dune Jasperfield,dune.jasperfield.346@example.com,277,2025-07-14,active
347,GW-000347,Lane Orchardson,lane.orchardson.347@example.com,297,2025-07-14,active
348,GW-000348,Haven Thornbury,haven.thornbury.348@example.com,79,2025-07-15,active
349,GW-000349,Cove Goldcrest,cove.goldcrest.349@example.com,303,2025-07-15,active
350,GW-000350,Avery Palewater,avery.palewater.350@example.com,3,2025-07-16,closed
351,GW-000351,Avery Larkspur,avery.larkspur.351@example.com,19,2025-07-16,active
352,GW-000352,Xen Silverbrook,xen.silverbrook.352@example.com,323,2025-07-16,active
353,GW-000353,Briar Foxglove,briar.foxglove.353@example.com,281,2025-07-19,active
354,GW-000354,Indigo Elmsworth,indigo.elmsworth.354@example.com,349,2025-07-21,active
355,GW-000355,Ember Eastbrook,ember.eastbrook.355@example.com,301,2025-07-22,closed
356,GW-000356,Ellis Amberly,ellis.amberly.356@example.com,325,2025-07-23,active
357,GW-000357,Quinn Palewater,quinn.palewater.357@example.com,197,2025-07-25,active
358,GW-000358,Marlow Westerly,marlow.westerly.358@example.com,4,2025-07-25,active
359,GW-000359,Arden Palewater,arden.palewater.359@example.com,19,2025-07-25,active
360,GW-000360,Dana Larkspur,dana.larkspur.360@example.com,40,2025-07-27,closed
361,GW-000361,North Lightfoot,north.lightfoot.361@example.com,33,2025-07-27,active
362,GW-000362,Tatum Eastbrook,tatum.eastbrook.362@example.com,354,2025-07-29,active
363,GW-000363,Briar Hollowell,briar.hollowell.363@example.com,340,2025-07-29,active
364,GW-000364,Xen Quillfeather,xen.quillfeather.364@example.com,275,2025-07-30,active
365,GW-000365,Quinn Jasperfield,quinn.jasperfield.365@example.com,184,2025-07-30,active
366,GW-000366,Dana Cinderhall,dana.cinderhall.366@example.com,3,2025-07-31,active
367,GW-000367,Cove Dovetail,cove.dovetail.367@example.com,337,2025-08-01,active
368,GW-000368,Kendall Violette,kendall.violette.368@example.com,312,2025-08-01,active
369,GW-000369,Avery Juneberry,avery.juneberry.369@example.com,343,2025-08-03,active
370,GW-000370,Ember Foxglove,ember.foxglove.370@example.com,47,2025-08-03,active
371,GW-000371,Wren Cinderhall,wren.cinderhall.371@example.com,362,2025-08-03,active
372,GW-000372,Oakley Thornbury,oakley.thornbury.372@example.com,343,2025-08-05,active
373,GW-000373,Kai Fairwind,kai.fairwind.373@example.com,352,2025-08-05,active
374,GW-000374,Fern Pinegrove,fern.pinegrove.374@example.com,162,2025-08-05,active
375,GW-000375,Haven Oakhurst,haven.oakhurst.375@example.com,338,2025-08-05,active
376,GW-000376,Zion Goldcrest,zion.goldcrest.376@example.com,369,2025-08-06,closed
377,GW-000377,Quinn Elmsworth,quinn.elmsworth.377@example.com,4,2025-08-06,active
378,GW-000378,Tatum Claymore,tatum.claymore.378@example.com,87,2025-08-06,active
379,GW-000379,Ellis Claymore,ellis.claymore.379@example.com,361,2025-08-07,active
380,GW-000380,Kendall Ashford,kendall.ashford.380@example.com,37,2025-08-10,active
381,GW-000381,Jules Oakhurst,jules.oakhurst.381@example.com,374,2025-08-10,closed
382,GW-000382,Jules Nettlebed,jules.nettlebed.382@example.com,287,2025-08-10,active
383,GW-000383,Indigo Greenmantle,indigo.greenmantle.383@example.com,304,2025-08-10,active
384,GW-000384,Blake Ironwood,blake.ironwood.384@example.com,2,2025-08-11,active
385,GW-000385,Quinn Cinderhall,quinn.cinderhall.385@example.com,364,2025-08-12,active
386,GW-000386,Kai Goldcrest,kai.goldcrest.386@example.com,362,2025-08-12,active
387,GW-000387,Dana Amberly,dana.amberly.387@example.com,302,2025-08-15,active
388,GW-000388,Vale Silverbrook,vale.silverbrook.388@example.com,376,2025-08-16,active
389,GW-000389,Yael Thornbury,yael.thornbury.389@example.com,362,2025-08-16,active
390,GW-000390,Haven Silverbrook,haven.silverbrook.390@example.com,262,2025-08-17,active
391,GW-000391,Wren Kestrel,wren.kestrel.391@example.com,388,2025-08-17,active
392,GW-000392,Vale Violette,vale.violette.392@example.com,349,2025-08-17,active
393,GW-000393,Dana Underhill,dana.underhill.393@example.com,63,2025-08-18,active
394,GW-000394,Umber Lightfoot,umber.lightfoot.394@example.com,200,2025-08-19,active
395,GW-000395,Ellis Amberly,ellis.amberly.395@example.com,323,2025-08-20,active
396,GW-000396,Marlow Yarrow,marlow.yarrow.396@example.com,3,2025-08-21,active
397,GW-000397,Ember Lightfoot,ember.lightfoot.397@example.com,325,2025-08-23,active
398,GW-000398,Yael Nightingale,yael.nightingale.398@example.com,374,2025-08-24,active
399,GW-000399,Dana Thornbury,dana.thornbury.399@example.com,259,2025-08-24,active
400,GW-000400,Umber Bellweather,umber.bellweather.400@example.com,326,2025-08-24,active
401,GW-000401,Marlow Kingsley,marlow.kingsley.401@example.com,3,2025-08-25,active
402,GW-000402,Oakley Hazelby,oakley.hazelby.402@example.com,360,2025-08-25,active
403,GW-000403,Frankie Foxglove,frankie.foxglove.403@example.com,340,2025-08-25,active
404,GW-000404,Avery Pinegrove,avery.pinegrove.404@example.com,339,2025-08-28,active
405,GW-000405,Frankie Kestrel,frankie.kestrel.405@example.com,347,2025-08-28,active
406,GW-000406,Blake Ivorydale,blake.ivorydale.406@example.com,15,2025-08-28,active
407,GW-000407,Blake Underhill,blake.underhill.407@example.com,159,2025-09-02,active
408,GW-000408,Vale Orchardson,vale.orchardson.408@example.com,339,2025-09-02,closed
409,GW-000409,Linden Palewater,linden.palewater.409@example.com,401,2025-09-03,active
410,GW-000410,Casey Hazelby,casey.hazelby.410@example.com,33,2025-09-03,active
411,GW-000411,Grove Hollowell,grove.hollowell.411@example.com,1,2025-09-04,active
412,GW-000412,Jules Nettlebed,jules.nettlebed.412@example.com,341,2025-09-04,active
413,GW-000413,Noel Juneberry,noel.juneberry.413@example.com,2,2025-09-04,active
414,GW-000414,Meadow Orchardson,meadow.orchardson.414@example.com,19,2025-09-04,active
415,GW-000415,Yael Underhill,yael.underhill.415@example.com,173,2025-09-05,active
416,GW-000416,Xen Amberly,xen.amberly.416@example.com,414,2025-09-06,active
417,GW-000417,Linden Fairwind,linden.fairwind.417@example.com,122,2025-09-06,active
418,GW-000418,North Lightfoot,north.lightfoot.418@example.com,394,2025-09-06,active
419,GW-000419,Ellis Rosewood,ellis.rosewood.419@example.com,2,2025-09-06,active
420,GW-000420,Oakley Bellweather,oakley.bellweather.420@example.com,2,2025-09-08,active
421,GW-000421,Isle Violette,isle.violette.421@example.com,393,2025-09-08,active
422,GW-000422,Fern Ivorydale,fern.ivorydale.422@example.com,19,2025-09-08,active
423,GW-000423,Indigo Cinderhall,indigo.cinderhall.423@example.com,347,2025-09-10,active
424,GW-000424,Haven Lightfoot,haven.lightfoot.424@example.com,47,2025-09-10,active
425,GW-000425,Meadow Yarrow,meadow.yarrow.425@example.com,414,2025-09-10,active
426,GW-000426,Linden Underhill,linden.underhill.426@example.com,402,2025-09-10,active
427,GW-000427,Parker Westerly,parker.westerly.427@example.com,389,2025-09-13,active
428,GW-000428,Linden Claymore,linden.claymore.428@example.com,231,2025-09-13,active
429,GW-000429,Noel Mossbank,noel.mossbank.429@example.com,33,2025-09-14,active
430,GW-000430,Dana Claymore,dana.claymore.430@example.com,429,2025-09-14,active
431,GW-000431,Zion Marigold,zion.marigold.431@example.com,3,2025-09-15,closed
432,GW-000432,Yael Claymore,yael.claymore.432@example.com,19,2025-09-15,active
433,GW-000433,Jules Rosewood,jules.rosewood.433@example.com,380,2025-09-16,active
434,GW-000434,Arden Hazelby,arden.hazelby.434@example.com,357,2025-09-17,active
435,GW-000435,Jules Ironwood,jules.ironwood.435@example.com,429,2025-09-17,active
436,GW-000436,Oakley Hazelby,oakley.hazelby.436@example.com,422,2025-09-17,active
437,GW-000437,Zion Goldcrest,zion.goldcrest.437@example.com,435,2025-09-19,active
438,GW-000438,Wren Kestrel,wren.kestrel.438@example.com,11,2025-09-19,active
439,GW-000439,Fern Quillfeather,fern.quillfeather.439@example.com,379,2025-09-20,closed
440,GW-000440,Vale Hollowell,vale.hollowell.440@example.com,2,2025-09-20,active
441,GW-000441,Juniper Orchardson,juniper.orchardson.441@example.com,373,2025-09-21,active
442,GW-000442,Oakley Pinegrove,oakley.pinegrove.442@example.com,4,2025-09-22,active
443,GW-000443,Yael Juneberry,yael.juneberry.443@example.com,441,2025-09-22,closed
444,GW-000444,Reese Claymore,reese.claymore.444@example.com,416,2025-09-22,closed
445,GW-000445,Quinn Lightfoot,quinn.lightfoot.445@example.com,395,2025-09-23,active
446,GW-000446,Arden Cinderhall,arden.cinderhall.446@example.com,428,2025-09-23,active
447,GW-000447,Avery Nettlebed,avery.nettlebed.447@example.com,411,2025-09-24,active
448,GW-000448,Casey Palewater,casey.palewater.448@example.com,11,2025-09-25,active
449,GW-000449,Vale Jasperfield,vale.jasperfield.449@example.com,369,2025-09-26,active
450,GW-000450,Cove Oakhurst,cove.oakhurst.450@example.com,425,2025-09-26,closed
451,GW-000451,Quinn Jasperfield,quinn.jasperfield.451@example.com,33,2025-09-27,active
452,GW-000452,Meadow Rosewood,meadow.rosewood.452@example.com,33,2025-09-29,active
453,GW-000453,Harper Yarrow,harper.yarrow.453@example.com,424,2025-09-30,active
454,GW-000454,Dana Nettlebed,dana.nettlebed.454@example.com,334,2025-09-30,active
455,GW-000455,Vale Eastbrook,vale.eastbrook.455@example.com,436,2025-09-30,closed
456,GW-000456,Kendall Juneberry,kendall.juneberry.456@example.com,441,2025-09-30,active
457,GW-000457,Grove Fairwind,grove.fairwind.457@example.com,411,2025-09-30,active
458,GW-000458,Arden Underhill,arden.underhill.458@example.com,33,2025-10-01,active
459,GW-000459,Avery Hazelby,avery.hazelby.459@example.com,408,2025-10-04,active
460,GW-000460,Isle Mossbank,isle.mossbank.460@example.com,3,2025-10-05,active
461,GW-000461,Reese Eastbrook,reese.eastbrook.461@example.com,115,2025-10-05,active
462,GW-000462,Kai Ashford,kai.ashford.462@example.com,3,2025-10-07,active
463,GW-000463,Noel Amberly,noel.amberly.463@example.com,3,2025-10-07,active
464,GW-000464,Ember Elmsworth,ember.elmsworth.464@example.com,428,2025-10-07,active
465,GW-000465,Kai Juneberry,kai.juneberry.465@example.com,456,2025-10-08,active
466,GW-000466,Jules Hollowell,jules.hollowell.466@example.com,4,2025-10-08,active
467,GW-000467,Meadow Hollowell,meadow.hollowell.467@example.com,383,2025-10-09,active
468,GW-000468,Juniper Kestrel,juniper.kestrel.468@example.com,406,2025-10-11,active
469,GW-000469,Juniper Ivorydale,juniper.ivorydale.469@example.com,222,2025-10-11,active
470,GW-000470,Ember Cinderhall,ember.cinderhall.470@example.com,456,2025-10-12,active
471,GW-000471,Noel Ashford,noel.ashford.471@example.com,395,2025-10-13,active
472,GW-000472,Noel Ivorydale,noel.ivorydale.472@example.com,413,2025-10-13,active
473,GW-000473,Ellis Fairwind,ellis.fairwind.473@example.com,117,2025-10-14,active
474,GW-000474,Dana Juneberry,dana.juneberry.474@example.com,3,2025-10-16,active
475,GW-000475,Sage Nightingale,sage.nightingale.475@example.com,91,2025-10-16,active
476,GW-000476,Briar Greenmantle,briar.greenmantle.476@example.com,384,2025-10-16,active
477,GW-000477,Haven Birchwood,haven.birchwood.477@example.com,426,2025-10-18,active
478,GW-000478,Lane Hazelby,lane.hazelby.478@example.com,4,2025-10-18,active
479,GW-000479,Meadow Underhill,meadow.underhill.479@example.com,2,2025-10-19,active
480,GW-000480,Isle Mossbank,isle.mossbank.480@example.com,455,2025-10-19,active
481,GW-000481,Briar Mossbank,briar.mossbank.481@example.com,2,2025-10-19,active
482,GW-000482,Ember Bellweather,ember.bellweather.482@example.com,22,2025-10-19,active
483,GW-000483,Briar Nettlebed,briar.nettlebed.483@example.com,312,2025-10-20,active
484,GW-000484,Briar Rosewood,briar.rosewood.484@example.com,408,2025-10-20,active
485,GW-000485,Fern Mossbank,fern.mossbank.485@example.com,463,2025-10-20,active
486,GW-000486,Zion Rosewood,zion.rosewood.486@example.com,10,2025-10-22,active
487,GW-000487,Quinn Lightfoot,quinn.lightfoot.487@example.com,433,2025-10-23,active
488,GW-000488,North Cinderhall,north.cinderhall.488@example.com,484,2025-10-23,active
489,GW-000489,Grove Kestrel,grove.kestrel.489@example.com,451,2025-10-25,active
490,GW-000490,Meadow Mossbank,meadow.mossbank.490@example.com,456,2025-10-27,active
491,GW-000491,Lane Eastbrook,lane.eastbrook.491@example.com,412,2025-10-29,active
492,GW-000492,Reese Amberly,reese.amberly.492@example.com,409,2025-10-29,active
493,GW-000493,Meadow Thornbury,meadow.thornbury.493@example.com,459,2025-10-30,active
494,GW-000494,Isle Yarrow,isle.yarrow.494@example.com,483,2025-10-30,active
495,GW-000495,Noel Cinderhall,noel.cinderhall.495@example.com,426,2025-10-30,closed
496,GW-000496,Quinn Ironwood,quinn.ironwood.496@example.com,315,2025-10-31,active
497,GW-000497,Marlow Ashford,marlow.ashford.497@example.com,145,2025-11-01,active
498,GW-000498,Ellis Pinegrove,ellis.pinegrove.498@example.com,456,2025-11-01,active
499,GW-000499,Zion Hazelby,zion.hazelby.499@example.com,128,2025-11-02,active
500,GW-000500,Gray Bellweather,gray.bellweather.500@example.com,448,2025-11-03,active
501,GW-000501,Noel Ivorydale,noel.ivorydale.501@example.com,442,2025-11-03,active
502,GW-000502,Gray Eastbrook,gray.eastbrook.502@example.com,104,2025-11-04,active
503,GW-000503,Gray Silverbrook,gray.silverbrook.503@example.com,494,2025-11-05,active
504,GW-000504,Frankie Hollowell,frankie.hollowell.504@example.com,418,2025-11-06,active
505,GW-000505,Dune Rosewood,dune.rosewood.505@example.com,19,2025-11-07,active
506,GW-000506,Zion Foxglove,zion.foxglove.506@example.com,394,2025-11-08,active
507,GW-000507,Arden Cinderhall,arden.cinderhall.507@example.com,484,2025-11-08,closed
508,GW-000508,Gray Birchwood,gray.birchwood.508@example.com,485,2025-11-09,active
509,GW-000509,Fern Foxglove,fern.foxglove.509@example.com,422,2025-11-09,active
510,GW-000510,Yael Yarrow,yael.yarrow.510@example.com,492,2025-11-10,active
511,GW-000511,Jules Amberly,jules.amberly.511@example.com,33,2025-11-11,active
512,GW-000512,Casey Palewater,casey.palewater.512@example.com,355,2025-11-12,active
513,GW-000513,Kai Ashford,kai.ashford.513@example.com,80,2025-11-13,active
514,GW-000514,North Duskfield,north.duskfield.514@example.com,2,2025-11-14,active
515,GW-000515,Tatum Kingsley,tatum.kingsley.515@example.com,487,2025-11-14,active
516,GW-000516,Wren Goldcrest,wren.goldcrest.516@example.com,446,2025-11-15,active
517,GW-000517,Ember Elmsworth,ember.elmsworth.517@example.com,8,2025-11-15,closed
518,GW-000518,Zion Hollowell,zion.hollowell.518@example.com,488,2025-11-17,active
519,GW-000519,Indigo Lightfoot,indigo.lightfoot.519@example.com,428,2025-11-18,active
520,GW-000520,Cove Birchwood,cove.birchwood.520@example.com,33,2025-11-19,active
521,GW-000521,Vale Westerly,vale.westerly.521@example.com,2,2025-11-19,active
522,GW-000522,Indigo Cinderhall,indigo.cinderhall.522@example.com,480,2025-11-20,active
523,GW-000523,Harper Juneberry,harper.juneberry.523@example.com,58,2025-11-20,active
524,GW-000524,Haven Hazelby,haven.hazelby.524@example.com,488,2025-11-21,active
525,GW-000525,Avery Marigold,avery.marigold.525@example.com,2,2025-11-21,active
526,GW-000526,Parker Amberly,parker.amberly.526@example.com,435,2025-11-21,active
527,GW-000527,Wren Kestrel,wren.kestrel.527@example.com,486,2025-11-22,active
528,GW-000528,Fern Yarrow,fern.yarrow.528@example.com,394,2025-11-24,active
529,GW-000529,Tatum Hollowell,tatum.hollowell.529@example.com,390,2025-11-25,active
530,GW-000530,Tatum Lightfoot,tatum.lightfoot.530@example.com,505,2025-11-26,active
531,GW-000531,Kai Juneberry,kai.juneberry.531@example.com,472,2025-11-27,active
532,GW-000532,Indigo Kingsley,indigo.kingsley.532@example.com,2,2025-11-27,active
533,GW-000533,Blake Amberly,blake.amberly.533@example.com,443,2025-11-28,active
534,GW-000534,Kendall Palewater,kendall.palewater.534@example.com,479,2025-11-28,active
535,GW-000535,Haven Marigold,haven.marigold.535@example.com,452,2025-11-28,active
536,GW-000536,Juniper Bellweather,juniper.bellweather.536@example.com,511,2025-11-28,active
537,GW-000537,Arden Ivorydale,arden.ivorydale.537@example.com,451,2025-11-29,active
538,GW-000538,Linden Kingsley,linden.kingsley.538@example.com,501,2025-11-29,active
539,GW-000539,Noel Orchardson,noel.orchardson.539@example.com,519,2025-11-29,active
540,GW-000540,North Larkspur,north.larkspur.540@example.com,532,2025-11-30,active
541,GW-000541,Casey Ivorydale,casey.ivorydale.541@example.com,3,2025-12-01,active
542,GW-000542,Zion Larkspur,zion.larkspur.542@example.com,461,2025-12-02,active
543,GW-000543,Umber Dovetail,umber.dovetail.543@example.com,370,2025-12-03,active
544,GW-000544,Ellis Ivorydale,ellis.ivorydale.544@example.com,19,2025-12-03,active
545,GW-000545,Parker Kingsley,parker.kingsley.545@example.com,509,2025-12-03,active
546,GW-000546,Isle Palewater,isle.palewater.546@example.com,512,2025-12-04,active
547,GW-000547,Isle Hazelby,isle.hazelby.547@example.com,19,2025-12-04,active
548,GW-000548,Quinn Westerly,quinn.westerly.548@example.com,466,2025-12-04,active
549,GW-000549,Blake Marigold,blake.marigold.549@example.com,280,2025-12-04,active
550,GW-000550,Briar Westerly,briar.westerly.550@example.com,455,2025-12-04,active
551,GW-000551,Jules Hollowell,jules.hollowell.551@example.com,392,2025-12-04,active
552,GW-000552,Reese Elmsworth,reese.elmsworth.552@example.com,370,2025-12-05,active
553,GW-000553,Linden Westerly,linden.westerly.553@example.com,545,2025-12-05,active
554,GW-000554,Harper Amberly,harper.amberly.554@example.com,169,2025-12-05,active
555,GW-000555,Lane Quillfeather,lane.quillfeather.555@example.com,2,2025-12-05,active
556,GW-000556,Briar Birchwood,briar.birchwood.556@example.com,463,2025-12-07,active
557,GW-000557,Dune Violette,dune.violette.557@example.com,522,2025-12-07,active
558,GW-000558,Ellis Dovetail,ellis.dovetail.558@example.com,524,2025-12-08,active
559,GW-000559,Haven Claymore,haven.claymore.559@example.com,531,2025-12-08,active
560,GW-000560,Quinn Jasperfield,quinn.jasperfield.560@example.com,2,2025-12-08,active
561,GW-000561,Marlow Elmsworth,marlow.elmsworth.561@example.com,508,2025-12-09,active
562,GW-000562,Isle Lightfoot,isle.lightfoot.562@example.com,561,2025-12-09,active
563,GW-000563,Lane Dovetail,lane.dovetail.563@example.com,317,2025-12-10,active
564,GW-000564,Casey Silverbrook,casey.silverbrook.564@example.com,541,2025-12-12,active
565,GW-000565,Casey Birchwood,casey.birchwood.565@example.com,537,2025-12-12,active
566,GW-000566,Frankie Nettlebed,frankie.nettlebed.566@example.com,356,2025-12-12,active
567,GW-000567,Vale Hazelby,vale.hazelby.567@example.com,506,2025-12-13,active
568,GW-000568,Jules Westerly,jules.westerly.568@example.com,230,2025-12-13,active
569,GW-000569,Frankie Palewater,frankie.palewater.569@example.com,496,2025-12-14,active
570,GW-000570,Vale Fairwind,vale.fairwind.570@example.com,418,2025-12-14,active
571,GW-000571,Umber Elmsworth,umber.elmsworth.571@example.com,223,2025-12-14,active
572,GW-000572,Cove Eastbrook,cove.eastbrook.572@example.com,539,2025-12-15,active
573,GW-000573,Yael Nightingale,yael.nightingale.573@example.com,534,2025-12-16,active
574,GW-000574,Zion Ironwood,zion.ironwood.574@example.com,19,2025-12-17,active
575,GW-000575,Meadow Amberly,meadow.amberly.575@example.com,491,2025-12-17,active
576,GW-000576,Isle Duskfield,isle.duskfield.576@example.com,494,2025-12-18,active
577,GW-000577,Ellis Nettlebed,ellis.nettlebed.577@example.com,487,2025-12-18,active
578,GW-000578,Meadow Duskfield,meadow.duskfield.578@example.com,511,2025-12-19,active
579,GW-000579,Jules Underhill,jules.underhill.579@example.com,37,2025-12-22,active
580,GW-000580,Marlow Ivorydale,marlow.ivorydale.580@example.com,347,2025-12-23,active
581,GW-000581,Briar Westerly,briar.westerly.581@example.com,548,2025-12-24,active
582,GW-000582,Sage Foxglove,sage.foxglove.582@example.com,549,2025-12-27,active
583,GW-000583,Tatum Greenmantle,tatum.greenmantle.583@example.com,541,2025-12-27,closed
584,GW-000584,Vale Ivorydale,vale.ivorydale.584@example.com,500,2025-12-30,active
585,GW-000585,Wren Greenmantle,wren.greenmantle.585@example.com,22,2025-12-31,active
586,GW-000586,Wren Ironwood,wren.ironwood.586@example.com,521,2026-01-01,active
587,GW-000587,Parker Nightingale,parker.nightingale.587@example.com,78,2026-01-02,active
588,GW-000588,Meadow Kestrel,meadow.kestrel.588@example.com,4,2026-01-03,active
589,GW-000589,Parker Fairwind,parker.fairwind.589@example.com,33,2026-01-03,active
590,GW-000590,Ember Goldcrest,ember.goldcrest.590@example.com,568,2026-01-04,active
591,GW-000591,Haven Orchardson,haven.orchardson.591@example.com,562,2026-01-04,active
592,GW-000592,Avery Nettlebed,avery.nettlebed.592@example.com,544,2026-01-05,active
593,GW-000593,Xen Hazelby,xen.hazelby.593@example.com,19,2026-01-05,active
594,GW-000594,Arden Mossbank,arden.mossbank.594@example.com,57,2026-01-06,active
595,GW-000595,Fern Quillfeather,fern.quillfeather.595@example.com,361,2026-01-06,active
596,GW-000596,Marlow Eastbrook,marlow.eastbrook.596@example.com,511,2026-01-06,active
597,GW-000597,Sage Foxglove,sage.foxglove.597@example.com,19,2026-01-06,active
598,GW-000598,Grove Ashford,grove.ashford.598@example.com,528,2026-01-06,active
599,GW-000599,Oakley Fairwind,oakley.fairwind.599@example.com,559,2026-01-07,active
600,GW-000600,Umber Duskfield,umber.duskfield.600@example.com,540,2026-01-07,active
601,GW-000601,Avery Kingsley,avery.kingsley.601@example.com,588,2026-01-08,active
602,GW-000602,Dune Westerly,dune.westerly.602@example.com,590,2026-01-08,active
603,GW-000603,Linden Silverbrook,linden.silverbrook.603@example.com,512,2026-01-08,active
604,GW-000604,Fern Amberly,fern.amberly.604@example.com,280,2026-01-08,active
605,GW-000605,Parker Greenmantle,parker.greenmantle.605@example.com,542,2026-01-09,active
606,GW-000606,Avery Rosewood,avery.rosewood.606@example.com,33,2026-01-09,active
607,GW-000607,Harper Elmsworth,harper.elmsworth.607@example.com,267,2026-01-10,active
608,GW-000608,Grove Violette,grove.violette.608@example.com,460,2026-01-10,active
609,GW-000609,Jules Elmsworth,jules.elmsworth.609@example.com,273,2026-01-10,active
610,GW-000610,Kai Hollowell,kai.hollowell.610@example.com,19,2026-01-13,active
611,GW-000611,Ember Elmsworth,ember.elmsworth.611@example.com,33,2026-01-13,active
612,GW-000612,Wren Marigold,wren.marigold.612@example.com,555,2026-01-13,active
613,GW-000613,Lane Eastbrook,lane.eastbrook.613@example.com,168,2026-01-14,active
614,GW-000614,Xen Yarrow,xen.yarrow.614@example.com,3,2026-01-14,active
615,GW-000615,Dana Orchardson,dana.orchardson.615@example.com,3,2026-01-15,active
616,GW-000616,Umber Rosewood,umber.rosewood.616@example.com,534,2026-01-15,active
617,GW-000617,Haven Larkspur,haven.larkspur.617@example.com,613,2026-01-15,active
618,GW-000618,Umber Orchardson,umber.orchardson.618@example.com,195,2026-01-17,closed
619,GW-000619,Haven Violette,haven.violette.619@example.com,76,2026-01-17,active
620,GW-000620,Juniper Kingsley,juniper.kingsley.620@example.com,275,2026-01-17,active
621,GW-000621,Lane Ironwood,lane.ironwood.621@example.com,546,2026-01-17,closed
622,GW-000622,Frankie Rosewood,frankie.rosewood.622@example.com,611,2026-01-19,active
623,GW-000623,Gray Juneberry,gray.juneberry.623@example.com,106,2026-01-20,active
624,GW-000624,Parker Underhill,parker.underhill.624@example.com,19,2026-01-20,active
625,GW-000625,Dana Bellweather,dana.bellweather.625@example.com,50,2026-01-20,active
626,GW-000626,Dune Pinegrove,dune.pinegrove.626@example.com,602,2026-01-20,active
627,GW-000627,Arden Rosewood,arden.rosewood.627@example.com,3,2026-01-20,active
628,GW-000628,Umber Nettlebed,umber.nettlebed.628@example.com,559,2026-01-20,active
629,GW-000629,Wren Fairwind,wren.fairwind.629@example.com,549,2026-01-21,active
630,GW-000630,Tatum Eastbrook,tatum.eastbrook.630@example.com,551,2026-01-21,active
631,GW-000631,Arden Mossbank,arden.mossbank.631@example.com,616,2026-01-22,active
632,GW-000632,Dana Westerly,dana.westerly.632@example.com,565,2026-01-23,active
633,GW-000633,North Bellweather,north.bellweather.633@example.com,2,2026-01-23,active
634,GW-000634,Sage Fairwind,sage.fairwind.634@example.com,251,2026-01-23,active
635,GW-000635,Lane Underhill,lane.underhill.635@example.com,571,2026-01-24,active
636,GW-000636,Kai Orchardson,kai.orchardson.636@example.com,614,2026-01-25,active
637,GW-000637,Wren Hollowell,wren.hollowell.637@example.com,630,2026-01-25,active
638,GW-000638,Oakley Mossbank,oakley.mossbank.638@example.com,617,2026-01-26,active
639,GW-000639,Cove Yarrow,cove.yarrow.639@example.com,105,2026-01-26,active
640,GW-000640,Yael Juneberry,yael.juneberry.640@example.com,269,2026-01-27,active
641,GW-000641,Kendall Pinegrove,kendall.pinegrove.641@example.com,599,2026-01-28,active
642,GW-000642,Harper Duskfield,harper.duskfield.642@example.com,148,2026-01-29,active
643,GW-000643,Yael Palewater,yael.palewater.643@example.com,581,2026-01-29,active
644,GW-000644,Parker Cinderhall,parker.cinderhall.644@example.com,599,2026-01-30,active
645,GW-000645,Jules Amberly,jules.amberly.645@example.com,644,2026-01-30,active
646,GW-000646,Juniper Mossbank,juniper.mossbank.646@example.com,601,2026-01-30,active
647,GW-000647,Jules Goldcrest,jules.goldcrest.647@example.com,586,2026-01-31,active
648,GW-000648,Kendall Cinderhall,kendall.cinderhall.648@example.com,75,2026-01-31,active
649,GW-000649,Briar Mossbank,briar.mossbank.649@example.com,145,2026-01-31,active
650,GW-000650,Xen Thornbury,xen.thornbury.650@example.com,483,2026-01-31,closed
651,GW-000651,Noel Claymore,noel.claymore.651@example.com,576,2026-01-31,active
652,GW-000652,Briar Nightingale,briar.nightingale.652@example.com,584,2026-02-01,active
653,GW-000653,Vale Goldcrest,vale.goldcrest.653@example.com,645,2026-02-01,active
654,GW-000654,Casey Duskfield,casey.duskfield.654@example.com,2,2026-02-01,closed
655,GW-000655,Indigo Bellweather,indigo.bellweather.655@example.com,566,2026-02-01,active
656,GW-000656,Xen Nightingale,xen.nightingale.656@example.com,280,2026-02-02,active
657,GW-000657,Indigo Juneberry,indigo.juneberry.657@example.com,477,2026-02-02,active
658,GW-000658,Indigo Palewater,indigo.palewater.658@example.com,179,2026-02-02,active
659,GW-000659,North Orchardson,north.orchardson.659@example.com,604,2026-02-02,active
660,GW-000660,Grove Fairwind,grove.fairwind.660@example.com,639,2026-02-03,active
661,GW-000661,North Greenmantle,north.greenmantle.661@example.com,463,2026-02-04,active
662,GW-000662,Grove Lightfoot,grove.lightfoot.662@example.com,33,2026-02-04,active
663,GW-000663,North Greenmantle,north.greenmantle.663@example.com,604,2026-02-05,active
664,GW-000664,Marlow Ashford,marlow.ashford.664@example.com,143,2026-02-05,active
665,GW-000665,Parker Bellweather,parker.bellweather.665@example.com,163,2026-02-07,active
666,GW-000666,Wren Jasperfield,wren.jasperfield.666@example.com,116,2026-02-09,active
667,GW-000667,Quinn Yarrow,quinn.yarrow.667@example.com,585,2026-02-10,active
668,GW-000668,Isle Yarrow,isle.yarrow.668@example.com,4,2026-02-10,active
669,GW-000669,Wren Underhill,wren.underhill.669@example.com,305,2026-02-10,active
670,GW-000670,Dune Greenmantle,dune.greenmantle.670@example.com,4,2026-02-10,active
671,GW-000671,Marlow Birchwood,marlow.birchwood.671@example.com,615,2026-02-11,active
672,GW-000672,Cove Underhill,cove.underhill.672@example.com,591,2026-02-12,active
673,GW-000673,Harper Cinderhall,harper.cinderhall.673@example.com,33,2026-02-12,active
674,GW-000674,Yael Oakhurst,yael.oakhurst.674@example.com,618,2026-02-13,active
675,GW-000675,Vale Kestrel,vale.kestrel.675@example.com,608,2026-02-13,active
676,GW-000676,Cove Pinegrove,cove.pinegrove.676@example.com,599,2026-02-15,active
677,GW-000677,Cove Ironwood,cove.ironwood.677@example.com,356,2026-02-15,active
678,GW-000678,Blake Larkspur,blake.larkspur.678@example.com,588,2026-02-15,active
679,GW-000679,Jules Juneberry,jules.juneberry.679@example.com,2,2026-02-17,active
680,GW-000680,Cove Nightingale,cove.nightingale.680@example.com,212,2026-02-17,active
681,GW-000681,Jules Eastbrook,jules.eastbrook.681@example.com,33,2026-02-17,active
682,GW-000682,Vale Ivorydale,vale.ivorydale.682@example.com,4,2026-02-18,active
683,GW-000683,North Juneberry,north.juneberry.683@example.com,614,2026-02-18,active
684,GW-000684,Haven Palewater,haven.palewater.684@example.com,646,2026-02-18,active
685,GW-000685,Blake Westerly,blake.westerly.685@example.com,19,2026-02-20,closed
686,GW-000686,Harper Hazelby,harper.hazelby.686@example.com,680,2026-02-21,active
687,GW-000687,Kai Nettlebed,kai.nettlebed.687@example.com,685,2026-02-21,active
688,GW-000688,Blake Palewater,blake.palewater.688@example.com,621,2026-02-21,active
689,GW-000689,Meadow Silverbrook,meadow.silverbrook.689@example.com,639,2026-02-22,closed
690,GW-000690,Quinn Fairwind,quinn.fairwind.690@example.com,620,2026-02-22,active
691,GW-000691,Isle Palewater,isle.palewater.691@example.com,3,2026-02-23,active
692,GW-000692,Briar Bellweather,briar.bellweather.692@example.com,649,2026-02-23,active
693,GW-000693,Harper Palewater,harper.palewater.693@example.com,645,2026-02-23,active
694,GW-000694,Yael Westerly,yael.westerly.694@example.com,650,2026-02-23,active
695,GW-000695,Juniper Fairwind,juniper.fairwind.695@example.com,641,2026-02-24,closed
696,GW-000696,North Kestrel,north.kestrel.696@example.com,34,2026-02-24,active
697,GW-000697,Zion Foxglove,zion.foxglove.697@example.com,512,2026-02-24,active
698,GW-000698,Sage Bellweather,sage.bellweather.698@example.com,636,2026-02-24,active
699,GW-000699,Ember Mossbank,ember.mossbank.699@example.com,88,2026-02-24,active
700,GW-000700,Briar Ivorydale,briar.ivorydale.700@example.com,667,2026-02-26,active
701,GW-000701,Quinn Marigold,quinn.marigold.701@example.com,693,2026-02-27,active
702,GW-000702,Lane Violette,lane.violette.702@example.com,632,2026-02-28,active
703,GW-000703,Wren Rosewood,wren.rosewood.703@example.com,698,2026-02-28,active
704,GW-000704,Meadow Dovetail,meadow.dovetail.704@example.com,33,2026-02-28,active
705,GW-000705,Umber Mossbank,umber.mossbank.705@example.com,646,2026-03-01,active
706,GW-000706,Dana Cinderhall,dana.cinderhall.706@example.com,683,2026-03-01,active
707,GW-000707,Fern Fairwind,fern.fairwind.707@example.com,148,2026-03-02,active
708,GW-000708,Indigo Underhill,indigo.underhill.708@example.com,36,2026-03-02,active
709,GW-000709,Cove Ashford,cove.ashford.709@example.com,642,2026-03-03,active
710,GW-000710,Avery Mossbank,avery.mossbank.710@example.com,680,2026-03-03,active
711,GW-000711,Arden Birchwood,arden.birchwood.711@example.com,641,2026-03-03,active
712,GW-000712,Umber Kestrel,umber.kestrel.712@example.com,287,2026-03-05,active
713,GW-000713,Reese Birchwood,reese.birchwood.713@example.com,691,2026-03-06,active
714,GW-000714,Frankie Mossbank,frankie.mossbank.714@example.com,634,2026-03-06,active
715,GW-000715,Xen Claymore,xen.claymore.715@example.com,677,2026-03-07,active
716,GW-000716,Sage Westerly,sage.westerly.716@example.com,305,2026-03-07,active
717,GW-000717,Kendall Palewater,kendall.palewater.717@example.com,650,2026-03-09,active
718,GW-000718,Grove Orchardson,grove.orchardson.718@example.com,179,2026-03-11,active
719,GW-000719,Dana Hollowell,dana.hollowell.719@example.com,33,2026-03-12,active
720,GW-000720,Dune Yarrow,dune.yarrow.720@example.com,711,2026-03-13,active
721,GW-000721,Isle Quillfeather,isle.quillfeather.721@example.com,719,2026-03-14,active
722,GW-000722,Avery Dovetail,avery.dovetail.722@example.com,362,2026-03-15,active
723,GW-000723,Meadow Mossbank,meadow.mossbank.723@example.com,674,2026-03-16,active
724,GW-000724,Vale Quillfeather,vale.quillfeather.724@example.com,441,2026-03-16,active
725,GW-000725,Haven Ashford,haven.ashford.725@example.com,700,2026-03-17,closed
726,GW-000726,Avery Marigold,avery.marigold.726@example.com,587,2026-03-17,active
727,GW-000727,Reese Silverbrook,reese.silverbrook.727@example.com,687,2026-03-17,active
728,GW-000728,Yael Quillfeather,yael.quillfeather.728@example.com,19,2026-03-17,active
729,GW-000729,Meadow Bellweather,meadow.bellweather.729@example.com,696,2026-03-18,active
730,GW-000730,Noel Nightingale,noel.nightingale.730@example.com,675,2026-03-18,active
731,GW-000731,Frankie Oakhurst,frankie.oakhurst.731@example.com,4,2026-03-19,active
732,GW-000732,Dune Fairwind,dune.fairwind.732@example.com,379,2026-03-20,active
733,GW-000733,Xen Duskfield,xen.duskfield.733@example.com,4,2026-03-20,active
734,GW-000734,Meadow Oakhurst,meadow.oakhurst.734@example.com,646,2026-03-20,active
735,GW-000735,Wren Palewater,wren.palewater.735@example.com,93,2026-03-21,active
736,GW-000736,Reese Dovetail,reese.dovetail.736@example.com,676,2026-03-21,active
737,GW-000737,Fern Amberly,fern.amberly.737@example.com,726,2026-03-21,active
738,GW-000738,Isle Pinegrove,isle.pinegrove.738@example.com,33,2026-03-21,active
739,GW-000739,Linden Hazelby,linden.hazelby.739@example.com,19,2026-03-22,active
740,GW-000740,Kendall Violette,kendall.violette.740@example.com,349,2026-03-22,active
741,GW-000741,Grove Amberly,grove.amberly.741@example.com,739,2026-03-23,active
742,GW-000742,Ellis Palewater,ellis.palewater.742@example.com,268,2026-03-24,active
743,GW-000743,Vale Larkspur,vale.larkspur.743@example.com,733,2026-03-24,active
744,GW-000744,Umber Mossbank,umber.mossbank.744@example.com,642,2026-03-24,active
745,GW-000745,Ember Hollowell,ember.hollowell.745@example.com,2,2026-03-25,active
746,GW-000746,North Birchwood,north.birchwood.746@example.com,33,2026-03-25,active
747,GW-000747,Quinn Birchwood,quinn.birchwood.747@example.com,692,2026-03-25,active
748,GW-000748,Quinn Ironwood,quinn.ironwood.748@example.com,569,2026-03-27,closed
749,GW-000749,Blake Goldcrest,blake.goldcrest.749@example.com,122,2026-03-28,closed
750,GW-000750,Noel Yarrow,noel.yarrow.750@example.com,697,2026-03-28,active
751,GW-000751,Meadow Westerly,meadow.westerly.751@example.com,737,2026-03-30,active
752,GW-000752,Lane Greenmantle,lane.greenmantle.752@example.com,622,2026-03-30,active
753,GW-000753,Arden Elmsworth,arden.elmsworth.753@example.com,394,2026-03-30,active
754,GW-000754,Ellis Ivorydale,ellis.ivorydale.754@example.com,670,2026-03-30,active
755,GW-000755,Linden Jasperfield,linden.jasperfield.755@example.com,678,2026-04-01,active
756,GW-000756,Isle Claymore,isle.claymore.756@example.com,431,2026-04-01,active
757,GW-000757,Gray Kestrel,gray.kestrel.757@example.com,723,2026-04-01,active
758,GW-000758,Oakley Bellweather,oakley.bellweather.758@example.com,743,2026-04-02,active
759,GW-000759,Indigo Westerly,indigo.westerly.759@example.com,710,2026-04-02,active
760,GW-000760,Yael Pinegrove,yael.pinegrove.760@example.com,451,2026-04-02,active
761,GW-000761,Meadow Silverbrook,meadow.silverbrook.761@example.com,731,2026-04-03,active
762,GW-000762,Harper Juneberry,harper.juneberry.762@example.com,732,2026-04-04,active
763,GW-000763,Oakley Foxglove,oakley.foxglove.763@example.com,759,2026-04-04,active
764,GW-000764,Reese Ivorydale,reese.ivorydale.764@example.com,707,2026-04-04,active
765,GW-000765,Fern Foxglove,fern.foxglove.765@example.com,737,2026-04-04,active
766,GW-000766,Umber Ironwood,umber.ironwood.766@example.com,739,2026-04-04,active
767,GW-000767,Frankie Ashford,frankie.ashford.767@example.com,727,2026-04-05,active
768,GW-000768,Casey Mossbank,casey.mossbank.768@example.com,765,2026-04-06,active
769,GW-000769,Ellis Juneberry,ellis.juneberry.769@example.com,699,2026-04-06,active
770,GW-000770,Marlow Nightingale,marlow.nightingale.770@example.com,750,2026-04-08,active
771,GW-000771,Linden Elmsworth,linden.elmsworth.771@example.com,115,2026-04-08,active
772,GW-000772,Grove Orchardson,grove.orchardson.772@example.com,750,2026-04-08,active
773,GW-000773,Fern Nettlebed,fern.nettlebed.773@example.com,710,2026-04-09,active
774,GW-000774,Avery Eastbrook,avery.eastbrook.774@example.com,693,2026-04-09,active
775,GW-000775,Tatum Elmsworth,tatum.elmsworth.775@example.com,746,2026-04-10,active
776,GW-000776,Frankie Larkspur,frankie.larkspur.776@example.com,162,2026-04-10,active
777,GW-000777,Fern Duskfield,fern.duskfield.777@example.com,739,2026-04-10,active
778,GW-000778,Juniper Lightfoot,juniper.lightfoot.778@example.com,361,2026-04-11,active
779,GW-000779,Casey Oakhurst,casey.oakhurst.779@example.com,722,2026-04-11,active
780,GW-000780,Avery Ironwood,avery.ironwood.780@example.com,694,2026-04-12,active
781,GW-000781,Linden Eastbrook,linden.eastbrook.781@example.com,4,2026-04-13,active
782,GW-000782,Harper Greenmantle,harper.greenmantle.782@example.com,753,2026-04-13,active
783,GW-000783,Meadow Violette,meadow.violette.783@example.com,744,2026-04-13,active
784,GW-000784,Arden Quillfeather,arden.quillfeather.784@example.com,766,2026-04-14,active
785,GW-000785,Dana Nightingale,dana.nightingale.785@example.com,3,2026-04-14,active
786,GW-000786,Kai Ashford,kai.ashford.786@example.com,19,2026-04-14,active
787,GW-000787,Wren Yarrow,wren.yarrow.787@example.com,2,2026-04-15,active
788,GW-000788,Fern Jasperfield,fern.jasperfield.788@example.com,754,2026-04-15,active
789,GW-000789,Grove Goldcrest,grove.goldcrest.789@example.com,729,2026-04-16,active
790,GW-000790,Cove Mossbank,cove.mossbank.790@example.com,728,2026-04-18,active
791,GW-000791,Yael Ironwood,yael.ironwood.791@example.com,756,2026-04-18,active
792,GW-000792,Haven Violette,haven.violette.792@example.com,3,2026-04-18,active
793,GW-000793,Ember Nettlebed,ember.nettlebed.793@example.com,703,2026-04-18,active
794,GW-000794,Isle Claymore,isle.claymore.794@example.com,169,2026-04-19,active
795,GW-000795,Cove Mossbank,cove.mossbank.795@example.com,711,2026-04-19,active
796,GW-000796,Noel Ivorydale,noel.ivorydale.796@example.com,791,2026-04-19,active
797,GW-000797,Indigo Cinderhall,indigo.cinderhall.797@example.com,743,2026-04-19,active
798,GW-000798,Haven Foxglove,haven.foxglove.798@example.com,741,2026-04-20,active
799,GW-000799,Marlow Marigold,marlow.marigold.799@example.com,3,2026-04-21,active
800,GW-000800,Gray Foxglove,gray.foxglove.800@example.com,737,2026-04-21,active
801,GW-000801,Kendall Underhill,kendall.underhill.801@example.com,4,2026-04-21,active
802,GW-000802,Haven Nettlebed,haven.nettlebed.802@example.com,717,2026-04-21,active
803,GW-000803,Zion Elmsworth,zion.elmsworth.803@example.com,390,2026-04-21,active
804,GW-000804,Arden Claymore,arden.claymore.804@example.com,757,2026-04-21,active
805,GW-000805,Xen Oakhurst,xen.oakhurst.805@example.com,594,2026-04-22,active
806,GW-000806,Jules Nightingale,jules.nightingale.806@example.com,401,2026-04-23,active
807,GW-000807,Isle Duskfield,isle.duskfield.807@example.com,2,2026-04-23,active
808,GW-000808,Reese Nettlebed,reese.nettlebed.808@example.com,801,2026-04-23,active
809,GW-000809,Oakley Jasperfield,oakley.jasperfield.809@example.com,745,2026-04-24,active
810,GW-000810,Frankie Goldcrest,frankie.goldcrest.810@example.com,762,2026-04-24,closed
811,GW-000811,Dune Cinderhall,dune.cinderhall.811@example.com,42,2026-04-25,active
812,GW-000812,Avery Ashford,avery.ashford.812@example.com,51,2026-04-25,active
813,GW-000813,Avery Thornbury,avery.thornbury.813@example.com,323,2026-04-25,active
814,GW-000814,Arden Marigold,arden.marigold.814@example.com,793,2026-04-25,active
815,GW-000815,Linden Yarrow,linden.yarrow.815@example.com,436,2026-04-25,active
816,GW-000816,Yael Juneberry,yael.juneberry.816@example.com,225,2026-04-26,active
817,GW-000817,Noel Elmsworth,noel.elmsworth.817@example.com,19,2026-04-26,active
818,GW-000818,Marlow Thornbury,marlow.thornbury.818@example.com,774,2026-04-26,active
819,GW-000819,Xen Elmsworth,xen.elmsworth.819@example.com,739,2026-04-27,active
820,GW-000820,Xen Hazelby,xen.hazelby.820@example.com,733,2026-04-28,active
821,GW-000821,Gray Quillfeather,gray.quillfeather.821@example.com,758,2026-04-28,active
822,GW-000822,Arden Westerly,arden.westerly.822@example.com,736,2026-04-28,active
823,GW-000823,North Greenmantle,north.greenmantle.823@example.com,757,2026-04-29,active
824,GW-000824,Briar Kestrel,briar.kestrel.824@example.com,748,2026-04-29,active
825,GW-000825,Kai Palewater,kai.palewater.825@example.com,758,2026-04-30,active
826,GW-000826,Marlow Bellweather,marlow.bellweather.826@example.com,19,2026-04-30,active
827,GW-000827,Oakley Birchwood,oakley.birchwood.827@example.com,563,2026-04-30,active
828,GW-000828,Linden Greenmantle,linden.greenmantle.828@example.com,803,2026-04-30,active
829,GW-000829,Arden Hollowell,arden.hollowell.829@example.com,795,2026-05-01,active
830,GW-000830,Linden Duskfield,linden.duskfield.830@example.com,823,2026-05-01,active
831,GW-000831,Ember Quillfeather,ember.quillfeather.831@example.com,741,2026-05-01,active
832,GW-000832,Dana Duskfield,dana.duskfield.832@example.com,809,2026-05-04,active
833,GW-000833,Vale Kestrel,vale.kestrel.833@example.com,777,2026-05-04,active
834,GW-000834,Linden Marigold,linden.marigold.834@example.com,287,2026-05-04,active
835,GW-000835,Parker Ivorydale,parker.ivorydale.835@example.com,19,2026-05-04,active
836,GW-000836,Arden Kingsley,arden.kingsley.836@example.com,4,2026-05-06,active
837,GW-000837,Zion Kingsley,zion.kingsley.837@example.com,807,2026-05-07,active
838,GW-000838,Juniper Eastbrook,juniper.eastbrook.838@example.com,16,2026-05-07,active
839,GW-000839,Marlow Elmsworth,marlow.elmsworth.839@example.com,797,2026-05-08,active
840,GW-000840,Cove Underhill,cove.underhill.840@example.com,802,2026-05-09,active
841,GW-000841,Meadow Duskfield,meadow.duskfield.841@example.com,831,2026-05-09,active
842,GW-000842,Juniper Greenmantle,juniper.greenmantle.842@example.com,401,2026-05-10,active
843,GW-000843,Dana Greenmantle,dana.greenmantle.843@example.com,436,2026-05-11,active
844,GW-000844,Frankie Hazelby,frankie.hazelby.844@example.com,779,2026-05-13,active
845,GW-000845,Parker Silverbrook,parker.silverbrook.845@example.com,836,2026-05-14,active
846,GW-000846,Linden Hazelby,linden.hazelby.846@example.com,735,2026-05-16,active
847,GW-000847,Frankie Birchwood,frankie.birchwood.847@example.com,781,2026-05-17,active
848,GW-000848,Blake Elmsworth,blake.elmsworth.848@example.com,436,2026-05-18,active
849,GW-000849,Dana Dovetail,dana.dovetail.849@example.com,448,2026-05-18,active
850,GW-000850,Kai Rosewood,kai.rosewood.850@example.com,174,2026-05-18,active
851,GW-000851,Quinn Greenmantle,quinn.greenmantle.851@example.com,827,2026-05-18,active
852,GW-000852,Noel Underhill,noel.underhill.852@example.com,779,2026-05-19,active
853,GW-000853,Ellis Yarrow,ellis.yarrow.853@example.com,807,2026-05-19,active
854,GW-000854,Dune Thornbury,dune.thornbury.854@example.com,807,2026-05-21,active
855,GW-000855,Yael Nettlebed,yael.nettlebed.855@example.com,793,2026-05-21,active
856,GW-000856,Oakley Mossbank,oakley.mossbank.856@example.com,854,2026-05-22,active
857,GW-000857,Vale Goldcrest,vale.goldcrest.857@example.com,835,2026-05-22,active
858,GW-000858,Oakley Foxglove,oakley.foxglove.858@example.com,33,2026-05-23,active
859,GW-000859,Frankie Pinegrove,frankie.pinegrove.859@example.com,53,2026-05-23,active
860,GW-000860,Oakley Underhill,oakley.underhill.860@example.com,33,2026-05-24,active
861,GW-000861,Blake Birchwood,blake.birchwood.861@example.com,833,2026-05-26,active
862,GW-000862,Juniper Fairwind,juniper.fairwind.862@example.com,776,2026-05-26,active
863,GW-000863,Arden Yarrow,arden.yarrow.863@example.com,3,2026-05-27,active
864,GW-000864,Zion Goldcrest,zion.goldcrest.864@example.com,773,2026-05-28,active
865,GW-000865,Sage Fairwind,sage.fairwind.865@example.com,850,2026-05-29,active
866,GW-000866,Dana Orchardson,dana.orchardson.866@example.com,832,2026-05-30,active
867,GW-000867,Harper Pinegrove,harper.pinegrove.867@example.com,3,2026-05-31,active
868,GW-000868,Briar Ironwood,briar.ironwood.868@example.com,19,2026-05-31,active
869,GW-000869,Quinn Palewater,quinn.palewater.869@example.com,739,2026-05-31,active
870,GW-000870,Ember Violette,ember.violette.870@example.com,813,2026-06-01,active
871,GW-000871,Casey Kingsley,casey.kingsley.871@example.com,854,2026-06-03,active
872,GW-000872,Quinn Birchwood,quinn.birchwood.872@example.com,3,2026-06-03,active
873,GW-000873,Kai Foxglove,kai.foxglove.873@example.com,834,2026-06-05,active
874,GW-000874,North Ashford,north.ashford.874@example.com,820,2026-06-05,active
875,GW-000875,Harper Underhill,harper.underhill.875@example.com,786,2026-06-06,active
876,GW-000876,North Claymore,north.claymore.876@example.com,831,2026-06-06,active
877,GW-000877,Gray Nightingale,gray.nightingale.877@example.com,758,2026-06-06,active
878,GW-000878,Briar Elmsworth,briar.elmsworth.878@example.com,847,2026-06-07,active
879,GW-000879,Ember Thornbury,ember.thornbury.879@example.com,795,2026-06-08,active
880,GW-000880,Harper Rosewood,harper.rosewood.880@example.com,19,2026-06-08,active
881,GW-000881,Haven Nightingale,haven.nightingale.881@example.com,850,2026-06-08,active
882,GW-000882,Xen Larkspur,xen.larkspur.882@example.com,4,2026-06-08,active
883,GW-000883,Yael Yarrow,yael.yarrow.883@example.com,372,2026-06-09,active
884,GW-000884,Sage Juneberry,sage.juneberry.884@example.com,700,2026-06-09,active
885,GW-000885,Ember Underhill,ember.underhill.885@example.com,455,2026-06-09,active
886,GW-000886,Oakley Mossbank,oakley.mossbank.886@example.com,4,2026-06-10,active
887,GW-000887,Quinn Quillfeather,quinn.quillfeather.887@example.com,852,2026-06-10,active
888,GW-000888,Kai Nettlebed,kai.nettlebed.888@example.com,865,2026-06-12,active
889,GW-000889,Haven Foxglove,haven.foxglove.889@example.com,33,2026-06-12,active
890,GW-000890,Oakley Yarrow,oakley.yarrow.890@example.com,84,2026-06-12,active
891,GW-000891,Parker Nettlebed,parker.nettlebed.891@example.com,3,2026-06-13,active
892,GW-000892,Ellis Duskfield,ellis.duskfield.892@example.com,601,2026-06-14,active
893,GW-000893,Isle Jasperfield,isle.jasperfield.893@example.com,824,2026-06-15,active
894,GW-000894,Casey Foxglove,casey.foxglove.894@example.com,866,2026-06-15,active
895,GW-000895,Grove Oakhurst,grove.oakhurst.895@example.com,19,2026-06-16,active
896,GW-000896,Xen Nightingale,xen.nightingale.896@example.com,33,2026-06-16,active
897,GW-000897,Dana Ivorydale,dana.ivorydale.897@example.com,3,2026-06-16,active
898,GW-000898,Umber Amberly,umber.amberly.898@example.com,143,2026-06-16,active
899,GW-000899,Yael Silverbrook,yael.silverbrook.899@example.com,4,2026-06-16,active
900,GW-000900,Dune Ironwood,dune.ironwood.900@example.com,729,2026-06-16,active
901,GW-000901,Kendall Palewater,kendall.palewater.901@example.com,872,2026-06-17,active
902,GW-000902,Wren Amberly,wren.amberly.902@example.com,864,2026-06-17,active
903,GW-000903,Kendall Yarrow,kendall.yarrow.903@example.com,822,2026-06-18,active
904,GW-000904,Vale Duskfield,vale.duskfield.904@example.com,846,2026-06-18,active
905,GW-000905,Xen Silverbrook,xen.silverbrook.905@example.com,846,2026-06-19,active
906,GW-000906,Indigo Mossbank,indigo.mossbank.906@example.com,877,2026-06-19,active
907,GW-000907,Harper Silverbrook,harper.silverbrook.907@example.com,904,2026-06-19,active
908,GW-000908,Meadow Thornbury,meadow.thornbury.908@example.com,33,2026-06-20,active
909,GW-000909,Haven Goldcrest,haven.goldcrest.909@example.com,543,2026-06-20,active
910,GW-000910,Grove Amberly,grove.amberly.910@example.com,826,2026-06-20,active
911,GW-000911,Casey Marigold,casey.marigold.911@example.com,879,2026-06-21,active
912,GW-000912,Cove Hollowell,cove.hollowell.912@example.com,2,2026-06-21,active
913,GW-000913,Dana Juneberry,dana.juneberry.913@example.com,33,2026-06-21,active
914,GW-000914,Quinn Yarrow,quinn.yarrow.914@example.com,874,2026-06-22,active
915,GW-000915,Haven Thornbury,haven.thornbury.915@example.com,173,2026-06-23,active
916,GW-000916,Lane Hazelby,lane.hazelby.916@example.com,4,2026-06-23,active
917,GW-000917,Xen Westerly,xen.westerly.917@example.com,253,2026-06-24,active
918,GW-000918,Kai Nightingale,kai.nightingale.918@example.com,843,2026-06-25,active
919,GW-000919,Juniper Ashford,juniper.ashford.919@example.com,33,2026-06-25,active
920,GW-000920,Harper Yarrow,harper.yarrow.920@example.com,828,2026-06-25,active
921,GW-000921,Umber Kestrel,umber.kestrel.921@example.com,4,2026-06-26,active
922,GW-000922,Dana Elmsworth,dana.elmsworth.922@example.com,848,2026-06-26,active
923,GW-000923,Vale Birchwood,vale.birchwood.923@example.com,113,2026-06-26,active
924,GW-000924,Kai Thornbury,kai.thornbury.924@example.com,903,2026-06-27,active
925,GW-000925,Avery Birchwood,avery.birchwood.925@example.com,347,2026-06-27,active
926,GW-000926,Avery Orchardson,avery.orchardson.926@example.com,8,2026-06-27,active
927,GW-000927,Oakley Yarrow,oakley.yarrow.927@example.com,921,2026-06-27,active
928,GW-000928,Juniper Claymore,juniper.claymore.928@example.com,858,2026-06-28,active
929,GW-000929,Gray Greenmantle,gray.greenmantle.929@example.com,892,2026-06-29,active
930,GW-000930,Ember Violette,ember.violette.930@example.com,842,2026-06-29,active
931,GW-000931,Ellis Juneberry,ellis.juneberry.931@example.com,3,2026-06-29,active
932,GW-000932,Blake Amberly,blake.amberly.932@example.com,40,2026-06-29,active
933,GW-000933,Kendall Amberly,kendall.amberly.933@example.com,889,2026-06-29,active
934,GW-000934,Isle Underhill,isle.underhill.934@example.com,774,2026-06-29,active
935,GW-000935,Juniper Nightingale,juniper.nightingale.935@example.com,33,2026-06-29,active
936,GW-000936,Lane Cinderhall,lane.cinderhall.936@example.com,915,2026-06-29,active
937,GW-000937,Tatum Nettlebed,tatum.nettlebed.937@example.com,83,2026-06-30,active
938,GW-000938,Frankie Claymore,frankie.claymore.938@example.com,895,2026-06-30,active
939,GW-000939,Meadow Cinderhall,meadow.cinderhall.939@example.com,868,2026-06-30,active
940,GW-000940,Ember Thornbury,ember.thornbury.940@example.com,228,2026-07-02,active
941,GW-000941,Reese Yarrow,reese.yarrow.941@example.com,893,2026-07-02,active
942,GW-000942,Reese Quillfeather,reese.quillfeather.942@example.com,19,2026-07-03,active
943,GW-000943,Avery Birchwood,avery.birchwood.943@example.com,905,2026-07-04,active
944,GW-000944,Zion Oakhurst,zion.oakhurst.944@example.com,866,2026-07-04,active
945,GW-000945,Sage Hazelby,sage.hazelby.945@example.com,2,2026-07-05,active
946,GW-000946,Ember Yarrow,ember.yarrow.946@example.com,862,2026-07-06,active
947,GW-000947,Sage Oakhurst,sage.oakhurst.947@example.com,516,2026-07-07,active
948,GW-000948,Ellis Yarrow,ellis.yarrow.948@example.com,932,2026-07-07,active
949,GW-000949,Noel Kingsley,noel.kingsley.949@example.com,923,2026-07-07,active
950,GW-000950,Zion Palewater,zion.palewater.950@example.com,480,2026-07-08,active
951,GW-000951,Wren Yarrow,wren.yarrow.951@example.com,865,2026-07-09,active
952,GW-000952,Meadow Hollowell,meadow.hollowell.952@example.com,388,2026-07-09,active
953,GW-000953,Jules Juneberry,jules.juneberry.953@example.com,408,2026-07-09,active
954,GW-000954,Dana Larkspur,dana.larkspur.954@example.com,884,2026-07-10,active
955,GW-000955,Jules Quillfeather,jules.quillfeather.955@example.com,882,2026-07-10,active
956,GW-000956,Kai Orchardson,kai.orchardson.956@example.com,900,2026-07-11,active
957,GW-000957,Frankie Cinderhall,frankie.cinderhall.957@example.com,941,2026-07-12,active
958,GW-000958,Fern Quillfeather,fern.quillfeather.958@example.com,913,2026-07-12,active
959,GW-000959,Jules Greenmantle,jules.greenmantle.959@example.com,443,2026-07-12,active
960,GW-000960,Parker Kestrel,parker.kestrel.960@example.com,854,2026-07-13,active
961,GW-000961,Marlow Jasperfield,marlow.jasperfield.961@example.com,379,2026-07-14,active
962,GW-000962,Reese Kingsley,reese.kingsley.962@example.com,929,2026-07-16,active
963,GW-000963,Oakley Ivorydale,oakley.ivorydale.963@example.com,948,2026-07-17,active
964,GW-000964,Parker Thornbury,parker.thornbury.964@example.com,4,2026-07-17,active
965,GW-000965,Xen Amberly,xen.amberly.965@example.com,910,2026-07-17,active
966,GW-000966,Dune Rosewood,dune.rosewood.966@example.com,10,2026-07-17,active
967,GW-000967,Cove Lightfoot,cove.lightfoot.967@example.com,626,2026-07-18,active
968,GW-000968,Oakley Foxglove,oakley.foxglove.968@example.com,733,2026-07-18,active
969,GW-000969,Avery Amberly,avery.amberly.969@example.com,890,2026-07-18,active
970,GW-000970,Grove Birchwood,grove.birchwood.970@example.com,879,2026-07-19,active
971,GW-000971,Marlow Dovetail,marlow.dovetail.971@example.com,902,2026-07-19,active
972,GW-000972,Noel Marigold,noel.marigold.972@example.com,33,2026-07-20,active
973,GW-000973,Yael Palewater,yael.palewater.973@example.com,965,2026-07-20,active
974,GW-000974,North Ivorydale,north.ivorydale.974@example.com,563,2026-07-20,active
975,GW-000975,Fern Bellweather,fern.bellweather.975@example.com,8,2026-07-21,active
976,GW-000976,Isle Kestrel,isle.kestrel.976@example.com,548,2026-07-21,active
977,GW-000977,Lane Ivorydale,lane.ivorydale.977@example.com,33,2026-07-21,active
978,GW-000978,Gray Foxglove,gray.foxglove.978@example.com,909,2026-07-21,active
979,GW-000979,Lane Rosewood,lane.rosewood.979@example.com,922,2026-07-21,active
980,GW-000980,North Oakhurst,north.oakhurst.980@example.com,401,2026-07-21,active
981,GW-000981,Tatum Hollowell,tatum.hollowell.981@example.com,373,2026-07-22,active
982,GW-000982,Meadow Silverbrook,meadow.silverbrook.982@example.com,937,2026-07-22,active
983,GW-000983,Dune Larkspur,dune.larkspur.983@example.com,2,2026-07-23,active
984,GW-000984,Ember Pinegrove,ember.pinegrove.984@example.com,977,2026-07-23,active
985,GW-000985,Kai Ashford,kai.ashford.985@example.com,914,2026-07-25,active
986,GW-000986,Cove Dovetail,cove.dovetail.986@example.com,910,2026-07-25,active
987,GW-000987,Vale Yarrow,vale.yarrow.987@example.com,949,2026-07-25,active
988,GW-000988,Haven Kestrel,haven.kestrel.988@example.com,746,2026-07-25,active
989,GW-000989,Quinn Marigold,quinn.marigold.989@example.com,4,2026-07-26,active
990,GW-000990,Briar Larkspur,briar.larkspur.990@example.com,4,2026-07-26,active
991,GW-000991,Jules Lightfoot,jules.lightfoot.991@example.com,166,2026-07-27,active
992,GW-000992,Marlow Hollowell,marlow.hollowell.992@example.com,2,2026-07-27,active
993,GW-000993,Isle Violette,isle.violette.993@example.com,383,2026-07-28,active
994,GW-000994,Briar Nightingale,briar.nightingale.994@example.com,967,2026-07-28,active
995,GW-000995,Briar Fairwind,briar.fairwind.995@example.com,310,2026-07-29,active
996,GW-000996,Dune Greenmantle,dune.greenmantle.996@example.com,943,2026-07-29,active
997,GW-000997,Xen Kestrel,xen.kestrel.997@example.com,874,2026-07-29,active
998,GW-000998,Isle Foxglove,isle.foxglove.998@example.com,3,2026-07-31,active
999,GW-000999,Briar Violette,briar.violette.999@example.com,952,2026-07-31,active
1000,GW-001000,Dana Kestrel,dana.kestrel.1000@example.com,926,2026-07-31,active
