id,order_id,product_id,quantity,unit_price,unit_volume
1,1,1,1,100.00,100.00
2,2,3,1,100.00,100.00
3,3,1,1,100.00,100.00
4,4,7,1,50.00,50.00
5,5,2,1,100.00,100.00
6,6,8,1,50.00,50.00
7,7,9,1,50.00,50.00
8,8,11,1,50.00,50.00
9,9,5,1,100.00,100.00
10,10,12,1,50.00,50.00
11,11,1,2,100.00,100.00
12,12,2,2,100.00,100.00
13,13,3,2,100.00,100.00
14,14,4,2,100.00,100.00
15,15,5,2,100.00,100.00
16,16,6,2,100.00,100.00
17,17,7,1,50.00,50.00
18,18,8,1,50.00,50.00
19,19,9,1,50.00,50.00
20,20,10,1,50.00,50.00
21,21,11,1,50.00,50.00
22,22,12,1,50.00,50.00
23,23,7,1,50.00,50.00
24,24,11,1,50.00,50.00
25,25,1,1,100.00,100.00
26,26,2,1,100.00,100.00
27,27,3,1,100.00,100.00
28,28,9,1,50.00,50.00
